Казанская история|Казанский летописец|Летописец о царстве Казанском|История о царстве Казанском|Летописец о взятии Казани|История о взятии Казани|
Хронограф|гранограф|хронограф|Гранограф||
Хронограф 1-й редакции|Хронограф I-й редакции|Хронограф 1 редакции|Хронограф I редакции|Хронограф 1512 г|
Хронограф 2-й редакции|Хронограф II-й редакции|Хронограф 2 редакции|Хронограф II редакции |Хронограф 1617 г|
Хронограф 3-й редакции|Хронограф III-й редакции|Хронограф 3 редакции|Хронограф III редакции|Хронограф 1620 г|
Повесть Катырева-Ростовского|Повесть И. М. Катырева-Ростовского|Повесть князя И. М. Катырева-Ростовского|Летописная книга И. М. Катырева-Ростовского |Летописная книга князя И. М. Катырева-Ростовского|Летописная книга Катырева-Ростовского
Катырев-Ростовский|Катырева-Ростовского||||
Летопись Димитрия Ростовского |Летописец Келейный Димитрия Ростовского|Летописец Келейный Димитрия, митрополита Ростовского и Ярославского|Летопись Димитрия, митрополита Ростовского и Ярославского|Димитрий Ростовский |Димитрия Ростовского
Архангелогородский летописец|Устюжский летописный свод|Устюжский летописец|||
Выписка|Отрывок||||
Степенная книга|Степенная книга царского родословия||||
Летописец краткий |краткий летописец |краткая летопись |летопись краткая |летописчик|летописец вкратце
Российски |русский||||
2о|в полдес|in Folio|||
4о|в четверть |in Quatro|||
8о|в восьмушку |в осьмину|in Octavo||
XI|11|XI в.|11 в.||
XII|12|XII в.|12 в.||
XIII|13|XIII в.|13 в.||
XIV|14|XIV в.|14 в.||
XV|15|XV в.|15 в.||
XVI|16|XVI в.|16 в.||
XVII|17|XVII в.|17 в.||
XVIII|18|XVIII в.|18 в.||
XIX|19|XIX в.|19 в.||
