Повесть Катырева-Ростовского (Кроника сиречь летописец от великаго князя Василия Ивановича начало приях...)|ГИМ, собр. Щукина № 610|Сборник историч., 4о, скоропись, XVII в. 337 лл. Повесть кн. Катырева Ростовского 2-й редакции. Обрывается на словах: "Царь Василей возрастом мал образом же" (Русск. Истор. Библ, XIII вып. Стлб. 710).||
Новгородская первая летопись младшего извода|Берлинская королевская библиотека, № 1989|Копия 1738 г., 1, 169 л. На полях скорописью, повидимому, рукой Татищева сделаны интересные заметки-справки||Яцимирский, А.И. Описание южнославянских и русских рукописей заграничных библиотек. Т. 1. Вена, Берлин, Дрезден, Лейпциг, Мюнхен, Прага, Любляна / А.И. Яцимирский. Пг., 1921. (Сборник Отделения русского языка и словесности Российской академии наук ; т. 98. № 62
Летопись Архангелогородская|Московская Типографская библиотека № 349 (398)|Исторический сборник, XVII в., 4о, 465 л., из архиерейской Холмогорской библиотеки||Московская Типографская библ. Каталог рукописей, № 349 (398)
Архангельский летописец||Исторический сборник, нач. XVII в., 4о, полуустав, 21 л.||Титов А. А. Охранный каталог славяно-русских рукописей А. А. Титова. Вып. ?. С. 41
История о царстве Астраханском|собр. Археографической комиссии № 24|Летописец, 1754 г., 1о, 160 л. Текст "Истории о царстве Астраханском" начинается с л. 113.  |История о царстве Астраханском, как покори Бог Астраханское царство|Барсуков Н. П. Рукописи Археографической комиссии. 1882. С. 11. № 24.
Выписка из 17-ой степени Степенной книги о взятии Астраханского царства|РНБ, собр. Погодина 1598|Сборник из четырех рукописей, 4о, 252 л. Текст "О взятии Астраханскаго царства" начинается с л. 156 об.|О взятии Астраханского царства7042 году в царство царя Ивана Васильевича. Степень 17|Бычков И. А. Каталог собрания славяно-русских рукописей П. Д. Богданова. Вып. 1. СПб., 1891. С. 259
Повесть о взятии Астрахани Степаном Разиным|РНБ, F.IV. 572|Сборник, XVIII в., 1о, 243 л., скоропись XVIII века. Рукопись принадлежала Н. Неплюеву. Текст начинается с л. 220. |Сказание о Астрахани летописное и о мучении преосвященнаго Иосифа, митрополита астраханскаго и терскаго, и боярина князя Ивана Семеновича  и брата его князь Михаила Семеновича, и сына его князь Бориса Ивановича болшаго Прозоровских и столпника князь Семена Ивановича Львова, и дьяков, и голов московских, и дворян приезжих, и детей боярских астраханских, и подьячих, и всякого чина людей, которые за Бога и за великаго государя добре пастрадавше от воров и изменников, от донских казаков от Степки Разина с товарыщи, и от изменников астраханских жителей, чтобы впредь новых страдальцев, кои от них побиты в Астрахане, и на Волге, и на Янке (!) реках и по иным городам, им мучением незабвенно было. Списано сие с пометок, которыя были в то их воровское казачество тайно, памяти ради предъидущих родов.|Отчет Императорской публичной библиотеки за 1874 год. С. 110-111.
Повесть о взятии Астрахани Степаном Разиным|РГБ, собр. Ундольского № 1165|Сборник, 4о, XVIII в. Текст начинается с л. 83. |О взятии Астрахани вором и изменником, Стенькою Разиным, и о убиении астраханского митрополита Иосифа|Викторов А. Е. Собрание славяно-русских рукописей В. М. Ундольского. М., 1870. С. 49.
О завоевании царства Астраханскаго|РГБ, собр. Ундольского № 1165|Сборник, 4о, XVIII в. Текст начинается с л. 73. ||Викторов А. Е. Собрание славяно-русских рукописей В. М. Ундольского. М., 1870. С. 49.
Воскресенская летопись|РГБ, собр. Беляева № 3 (1509)|XVII в., 1о, 988 л., скоропись. Вверху, по листам подпись (XVII в.): "Книга, глаголямоя летописец Акима Яковлевича Ржевского, духовная; а куплена у Кузмы Барисовича у Бухвостова, а потписал яз Кузма Борисович своею рукою"... В конце, на одном из переплетных листов рукописи, между прочим читается: "Лета 7189-го, сент. в 29 д." Но судя по почерку, рукопись писана значительно раньше этого года. Оканчивается одинаково с известным Карамзинским списком той же летописи, 1560 г., именно словами: … "Да х казначею, к Федору Ивановичу Сукину". См. ПСРЛ. VII, Предисл. С. VIII. В начале (л. 1-44), как и в других списках, родословная великих и удельных князей Русских, имена градом Руским и т.д. (см. ПСРЛ. Там же. С. 231-259); но оглавления летописи нет. ||Викторов А. Е. Собрание рукописей И. Д. Беляева. М., 1881. С. 3. 
Воскресенская летопись|РНБ, F.IV.585|XVII в., 1о, 1069 л., скоропись и полуустав. Недостает двух первых листов оглавления и нескольких листов в конце. Летописный сборник или так называемая летопись по Воскресенскому списку. Весьма хороший список, который не был в виду при издании этого летописного сборника археографическою комиссиею. Рассказ событий оканчивается 7068 (1560) годом, на прибытии из Литвы гонца Андрея Иванова с грамотою об обидных делах.||Отчет Императорской публичной библиотеки за 1875 г. С. 20
Воскресенская летопись|РНБ, F.IV.601|XVII в., 1о, 1094 листа, скоропись. Начальных листов не достает. Список так называемой Воскресенской летописи. Начальных листов не достает. Начинается с перечня городов смоленских; кончается 1560 годом, приездом к царю от литоского короля гонца Андрея Иванова с грамотою о обидных делах. |Книга, глаголемая Временник, сиречь летописец Рускии от него же времяни начася прозыватися Руская земля|Отчет Императорской публичной библиотеки за 1878 г. С. 13-14
Воскресенская летопись|РНБ, F.IV.678|XVI в., 1о, 509 л., полуустав, три почерка. Парижский список Воскресенской летописи был приобретен Императорвской публичной библиотекой путем обмена. Первоначально эта рукопись принадлежал стольнику князю Ю. Ф. Щербатову. Список принадлежит к числу лучших списков Воскресенской летописи. Содержит события с 6862 (1354) по 7049 (1541) год. Рукопись Парижской Библиотеки была принята за основной список при издании Археографической комиссией второй половины летописи по Воскресенскому списку (ПСРЛ. Т. VIII. СПб., 1859), где в предисловии помещено подробное описание Парижской рукописи.||Отчет Императорской публичной библиотеки за 1887 г. С. 88-89.
Вятский летописец до 7061 (1553) г.||XVIII в. (начало), 83 л., скоропись.||Калайдович К., Строев П. Обстоятельное описание славяно-российских рукописей, хранящихся в библиотеке тайного советника, сенатора, двора его императорского величества действительного каммергера и кавалера графа Ф. А. Толстова. М., 1825. С. 557
Вятский летописец до 7061 (1553) г.|РГАДА, собр. МГАМИД № 50 (70)|XIX в., 1о, 42 л., скоропись . Летописец краткий о стране Вятской до 7061 (1553) г. Текст начинается с л. 33.||
Вятский летописец до 1500 г.|ГИМ, Музейское собр. № 3698|Сборник исторический, XVIII в., 8о, 13 и 100 л. Текст летописца начинается на л. 1||
Двинский летописец с 1342 по 1750 год|собр. Археографической комисси № 32.|1о, текст в составе "Материалов к Истории и Статистике Российского Севера, собранные П. М. Строевым, в двух частях"||Барсуков Н. П. Рукописи Археографической комиссии. 1882. С. 15. № 32. 
Двинский летописец|РГБ, собр. Ундольского № 14|XVII в. (конец),  4о, 30 л., скоропись.||Викторов. Славяно-русские рукописи В. М. Ундольского. М., 1870. С. 22
Краткий Двинской летописец до 1705 г.|РНБ, Q.IV.136|95 л., полуустав. Рукопись Архангельской библиотеки|Летописец вкратце, списано о Двинских жителех, и о наместниках и судиах, и воеводских и диячиих приездех|Калайдович К., Строев П. Обстоятельное описание славяно-российских рукописей, хранящихся в библиотеке тайного советника, сенатора, двора его императорского величества действительного каммергера и кавалера графа Ф. А. Толстова. М., 1825.  С. 231.
Выписка из подлинных дневных записок, веденных в Иркутске священниками Карамзиными, начиная от прадеда их Илии Иванова, с 1718 г. по 1817 г.||1о, 24 л. От ректора Иркутской Семинарии Архимандрита Модеста||Петров Н.И. Описание рукописей церковно-археологического музея при Киевской Духовной Академии. Вып. 1 (прибавл.). Киев, 1875. № 590 Муз. № 171. С. 580.
Летопись о городе Иркутске до 1802 г.||XIX в., 1о, 90 л. Принадлежала иркутскому протоиерею Парнакову и поступившая   музей от ректора Иркутской Семинарии архимандрита Модеста. ||Петров Н.И. Описание рукописей церковно-археологического музея при Киевской Духовной Академии. Вып. 1 (прибавл.). Киев, 1875. № 588. С. 580.
Летопись г. Иркутска, выписка из Иркутских губернских ведомостей, с 1652 г. до 1801. Составил Пежимский.||XIX в., в 4-ку, на 525 страницах, поступила в музея от Ректора Иркутской семинарии архимандрита Модеста. ||Петров Н.И. Описание рукописей церковно-археологического музея при Киевской Духовной Академии. Вып. 1  (прибавл.). Киев, 1875. № 589 (Муз. №158). С. 580.
О посылке воевод, в 7052 и 7058 годах, под Казань и о заложении в 7059 году Свияжска|РНБ, собр. Погодина 1953|Сборник из семи рукописей. В 4о, 153 л. После изложения событий написано: "Конец выписк из летописныя киги и Богу слава всегда и ныне и присно и во веки веков, аминь", а за сим: "Списывано в Новегороде в Лисье монастыре лета 7187-го году месяца октоврия в 28 день Суздолской архиепископль сын боярской Иван Кичигин своими многогрешными руками". Текст начинается с л. 129.  После известия о посылке воевод следуют статьи: О взятии царства Сибирскаго, О убиении Ермака и казаков, О воине Казанскои и о походе бояр и воевод в Казань в 7092 году; о преставлении царя Иоанна, о Нагих и о приближенных царя Иоанна Васильевича и о поимании и о розсылке, О уделе царевича Димитрия, Како седе на царство царь Феодор Иоаннович, О приходе черни в город и Богдане Белском, о розни боярской и о недружбе, и о Шуиских, и о митрополите Дионисье и  казни гостей и торговых людей, О поставлении Москве каменного города в 7095 году.||Бычков И. А. Каталог собрания славяно-русских рукописей П. Д. Богданова. Вып. 1. СПб., 1891. С. 374
Казанский летописец|собр. Археографической комиссии № 25|XVII в., 4о, 276 л., полуустав.||Барсуков Н. П. Рукописи Археографической комиссии. 1882. С. 11. 
Фрагмент Казанского летописца|РНБ, собр. Погодина 1348|Сборник, 1683 г., 2о, I+430, скоропись и полуустав. Текст расположен на л. 274-285 об. Глава 60. Поучение православнаго царя воинству х ратному делу (позднее приписано: московского государя Ивана Васильевича перваго царя). Л. 280 об. Глава 64. О совете христолюбиваго воинства к благоверному царю (позднее: Иоанну Васильевичю). Глава 60. "И паки обратися православный царь и великий князь ко всему своему воинству и рече: "Царие и князи и боляре и все воинство полку нашего"; Глава 64. "И возопиша к нему царие и князи и боляре и воеводы и все воинство ево полку со страхом и трепетом".||
Казанский летописец|РГБ, МДА 30(98)|XVII в., 1о, 231 л., полуустав. Л. 2: заставка и рамка, в ней киноварью оглавление книги: "Како и в кия времена начало царства Казанскаго. Како и откуда и в которые времена и лета начася. И о брани и о побелах великих князей Московских с царьми Казанскими, и о взятии царства Казанскаго благоверным царем и в. к. Иваном Васильевичем всеа РУсии самодержцем". С рисунками, сделанными пером. Разделена на 79 глав. Нач. Предисловие. Красныя убо и новыя повести сея, достоит нам радостно послушати, о Христоименитии людие.||Иосиф, иером. Опись рукописей, перенесенных из библиотеки Иосифова монастыря в библиотеку Московской духовной академии. М., 1887. Вып. 1.  № 30 (98) отдела исторического. С. 150. 
Казанский летописец||Пчела. XVIII в., 8о, 463 л. полуустав. В конце запись: "Сия книга переписалная с баргамонтный книге. Во время царя Алексея Михаилавича. Подписал Ниреп Асеплевш" (Пимен Алексеев). ||Описание рукописей князя Павла Петровича Вяземского. 1902. (ОЛДП. Издания. № 119). № LXXVII, С. 562
Казанский летописец|РНБ, собр. Погодина 1624|Сборник. XVIII в., 1о, 379 л.  Перед Сказанием помещено оглавление не только его, но и всех других статей, вошедших в состав рукописи. Нач. "Красныя убо и новыя повести сея достоит".|Сказание вкратце о зачале царства Козанского, и о брани, и о победах великих князей Московских со царьми Казанскими, и о взятии того царства Казанского благоверным царем и великим князем Иваном Васильевичем, всеа Роси самодержцем|Бычков А. Ф. Описание славянских и русских рукописных сборников Императорской публичной библиотеки. Вып. 1. СПб., 1878. С. 413
Казанский летописец|РНБ, собр. Погодина 1955|Сборник. XVII в., 4о, 198 л. Список напечатан под заглавием: История о Казанском царстве (С-Петербург, 1791); текст, находящийся в рукописи, представляет к напечатанному несколько, иногда довольно важных, вариантов. |Повесть дивна зело о Казани, како зачася и како Бог поручи православному царю Ивану Васильевичю всеа Руси|Бычков А. Ф. Описание славянских и русских рукописных сборников Императорской публичной библиотеки. Вып. 1. СПб., 1878.С. 365. 
Казанский летописец|Берлинская королевская библиотека, Q. №1|XVII в., 4о (20х15 1/2 смм.), 299 л. (лист 1-й без текста). Письмо Севернорусское, нескольких почерков, небрежное, особенно местами, некрасивое, местами Поморское, по 16 строк на странице.  Упоминания об этом списке см. ЧОИДР 1862 г., I, 196; "Отчет о заседаниях ОЛДП за 1898-99 гг." (СПб. 1900), 18; Г. Кунцевич, История о Казанском царетсве и Казанский Летописец, СПб., 1905. С. 157-158. Сведения о берлинском списке в последнем исследовании недостаточно точны, напр. последней главой названа "О прислании с Москвы ветника царю"; о перепутанных главах упоминается только в виде предположения, и т.д. |Сказание вкратце о начале царства казанскаго и о брани и о победах, великих князей московских, с царми казанскими, и о взятии царства казанскаго благоверным царем и великим князем Иоаннм Васильевичем, всеа Русии  самодержцем|Яцимирский, А.И. Описание южнославянских и русских рукописей заграничных библиотек. Т. 1. Вена, Берлин, Дрезден, Лейпциг, Мюнхен, Прага, Любляна / А.И. Яцимирский. Пг., 1921. (Сборник Отделения русского языка и словесности Российской академии наук ; т. 98). с. 470-478
Казанский летописец|РГБ, Музейное собр. 1388|XVIII в., 1о, 809 л. |нет данных|
Казанский летописец|РГБ, Музейное собр. 2323|Сборник, XIX в., 4о, 258 л. ||
Казанский летописец|РГБ, Музейное собр. 2569|Сборник исторический, XVII в. и 1700 г., 4о, 429 л.||
Казанский летописец|РГБ, Музейное собр. 1477|Сборник, XVII в., 4о.||
Казанский летописец|РГБ, Музейное собр. 2347|Сборник, XVII-XVIII вв., 4о, 438 и 3 л.  ||
Казанский летописец|РГБ, Музейное собр. 1749|Сборник, рубеж XVII-XVIII вв., 4о, 1 и 166 л.  ||
Казанский летописец|РГБ, Музейное собр. 2957|Сборник, XVII в., 4о, 353 л. Список с предисловием и оглавлением, 79 глав.||
Казанский летописец|РГБ, Музейное собр. 824|Сборник, XVII в., 4о, 431 л.||
Казанский летописец|Дрезденская королевская библиотека, Of. 93|XVII в., 4о (20 1/2х16 смм), 146 л. (считая по старой пагинации). Скоропись Севернорусская, кудрявая, небрежная, нескольких почерво одной, повидимому, руки и одного времени, по 21 строке на странице. О месте настоящего списка см. Г. Кунцевич, История о Казанском царстве. СПб. 1905. С. 158 (приводится заметка Строева целиком, без всякой ссылки на последнего). Отрывки глав 1, 33, 34 изданы В. Ханыковым, "Труды И. Росс. Акад." 1840, III, С. 226-227. С. Строев относил рукопись к концу XVII в. и сделал следующие замечания: "Дрезденский список новее и хуже берлинского, но полнее его; в нем недостает только последней 89 главы. Число глав несходно, некоторые раздроблены и в ином порядке" (с. 95-96). К XVI в. отнесена она в заметке И. Хрущова на первом листе рукописи, к XVII  - в каталоге Schmodta? 149-150 (Там же - ссылки и на предыдущие описания) и Шевченко 12; Ханыков 210-211.  |Сказание вкратце о начале царстве казанского и о брани и о победах великих князей московских со царьми казанскими и о взятии того царства казанского благоверным царем и великим князем Иоанном Васильевичем всея Росии самодержцем|Яцимирский, А.И. Описание южнославянских и русских рукописей заграничных библиотек. Т. 1. Вена, Берлин, Дрезден, Лейпциг, Мюнхен, Прага, Любляна / А.И. Яцимирский. Пг., 1921. (Сборник Отделения русского языка и словесности Российской академии наук ; т. 98). С. 504-505.
Казанский летописец|Венская Публичная Библиотека №152(88)|Сборник (Цветник), к. XVII в., 4о, 284 л. Текст начинается на л. 111. Нач.: "Христолюбивый великий князь Георгий Владимирович Манамаш Долгорукий содержа".|О начале царства Казанского. Повесть о пренесении чюдотворного образа Богоматери, зовомыя Владимирския и от части чюдес ея|Яцимирский, А.И. Описание южнославянских и русских рукописей заграничных библиотек. Т. 1. Вена, Берлин, Дрезден, Лейпциг, Мюнхен, Прага, Любляна / А.И. Яцимирский. Пг., 1921. (Сборник Отделения русского языка и словесности Российской академии наук ; т. 98). С. 245
Казанский летописец|РГБ, собр. Тихонравова № 75|XVII в., 4о, 185 л., скоропись. По листам запись о принадлежности Ивану Григорьевичу Нащокину||Георгиевский Г.П. Императорский Московский и Румянцевский Музей. Собрание H.С. Тихонравова. I. Рукописи. М., 1913. С. 15
Казанский летописец|РГБ, собр. Тихонравова № 119|1715 г., 1о, 192 л., скоропись. Написана человеком дворовым Петром Федоровым, с его послесловием. В рукописи также помещен текст "Истории Царяграда".||
Казанский летописец (без начала)|РНБ, O.XVII.27|Сборник, 141 л. Полуустав и скоропись. Текст Казанского летописца начинается на л. 40.||
Казанский летописец|РНБ, Q.XVII.126|Сборник, XVIII-XIX вв., 109 л., скоропись. |История о взятии города Казани, при царе Иване Васильевиче и о разорении Казанского царства|
Казанский летописец|РНБ, Q.IV.414|Сборник, XVIII в. (первая треть), 192 л. Полуустав.||
Казанский летописец без начала и конца|РНБ, Q.XVII.34|Сборник, XVIII в., 234 л., скоропись. Текст Казанского летописца начинается с л. 1.||
Казанский летописец |РНБ, Q.IV.211|нач. XVIII, 63 л. Скоропись. Текст в 36-ти главах.|Поход Царя Ивана Васильевича на отложившееся царство Казанское в лето 7034-ое, а по Рождестве Христове в 1526-м году|
Казанский летописец|РНБ, F.XVII.15|Сборник из собр. Фролова, XVII в., 371 л., скоропись. Текст начинается с л. 59.||
Казанский летописец|РНБ, F.IV.578|XVII в., 419 л., скоропись. Из собр. Коробанова. Текст начинается с л. 133||
Казанский летописец |РНБ, Q.IV.156|Сборник, XVII в., 447 л., скоропись. Текст начинается на л. 239|Книга глаголемая о Казанском царстве|
Казанский летописец|РНБ, Q.IV.170|Рукопись из собр. Сахарова, XVII в., 253 л., скоропись||
Казанский летописец|РНБ, Q.IV.173|Рукопись из собр. Сахарова, XVII в., 312 л., скоропись. |Сказание вкратце о начале царства Казанскаго како и откуду и в которые лета начася, и о брани и о победах великих князей Московских с царми Казанскими и о взятии царства Казанскаго благоверным царем и великим князем Иваном Васильевичем|
Казанский летописец|РНБ, Q.IV.217|Сборник, XVII в., 434 л., скоропись. Текст начинается с л. 140.|Сказание вкратце о начале царства Казанскаго и о брани и о победах великих князей Московских со царьми Казанскими  о взятии того царства Казанскаго благоверным царем и великим князем Иваном Васильевичем всеа Росии самодержцем|
Казанский летописец|РНБ, Q.IV.271|Рукопись из собр. Трехлетова № 57, XVII в., скоропись.||
Казанская история|РНБ, F.IV.134|Рукопись XVII в. 85 л., скоропись||
Казанский летописец|РНБ, Q.IV.374|Сборник, XVII в., 301 л., скоропись. Текст начинается с л. 1.|Сказание вкратце о начале царства Казанскаго и о брани и о победах великих князеи московских со царми казаньскими и о взятии того царьства Казанскаго благоверным царем и великим князем Иванном Васильевичем всеа Руси самодержцем|
Казанский летописец|РНБ, F.XVII.34|Текст без начала (недостает оглавления и первой главы) и без конца (кончается отрывком главы 87: "О поставлении в Казань архиепископа Иурья и архимандритов двух в Казани и в Свияжске").||
Казанский летописец|РНБ, F.XVII.15|Текст расположен на л. 59-191 об. Нач.: "Главы известны настоящия книги сея глаголемыя истории казанския извествуют бо предстоящая в книзе сей".||
Известие о взятии Казани из Краткого летописца|РГБ, собр. Тихонравова № 52|Скоропись XVIII в., 4о, 265 л. Известие находится на л. 218-255.||
Сказание вкраце о казанском взятии и о бесовском городище, иже стоит над Камою рекою|РНБ, F.XVII.15|Текст расположен на л. 36 об.-38. Нач.: "В лето болгарских князей поставиша болгарския татарова над Камою рекою градец мал камен".||
Казанский летописец|БАН, 34.8.25|Сборник из 4-х рукописей, XVI и XVII вв. 4о, 604 л., скоропись. Текст начинается на л. 272. Всего 80 глав.|Книга, глаголемая история о казанском взятии и о царствии сказание вкратце от начала царства казанского и о брани и о победах великих княщеи московских с царми казанскими и о взятии царства казанского|
Отрывок из Казанской истории|БАН, 16.17.34|Сборник тр. И четв. Чевт. XVII в., 4о, 614 л. Скоропись. Текст начинется на л. 602. Фрагменты Истории Казанской. 1. О возвещении царю и великому князю Ивану Васильевичю всеа Русии, како Казань град взят бысть и царь их ухвачен, нач.: "И в той час возвестиша правоверному царю глас: радуйся" ; 2. О приведении пред царя Едигеря, нач.: "Видеши благоверныи казанского царя Едигеря"; 3. л. 605 об. О царицыне отраве, даннеи на смерть царю, и о гневе его к царице. Глава 36, нач.: "Она же, аки на радость велице, посла ко царю дары честны"; 4. л. 606. О смерти сеитов и отпущении ис Казани всего рускаго плена. Глава 37. Нач.: "По царице же и сеита своего казанцы"; 5. л. 606 об. О изведении царицы и с сыом ея ис Казани и о плачи ея. Глава 38, нач.: "Егда же взяте бывше царице"; 6. л. 610. О утешенных глаголех воеводы к царице и о провожении ея от града Казанского. Глава 39, нач.: " Воевода же, приставленныи к неи"; 7. л. 612. О поведении царицы к Москве ис Казани и о плачах от Свияжского града идяше. Глава 40, нач.: "И проводила царицу от Свияжского града".||
Поход Ивана Васильевича на Казань и роспись воевод для Казанского поохода|БАН, 34.8.25|Сборник из 4-х рукописей. XVI и XVII вв. 4о, 604 л. Скоропись. 4-ая рукопись, 70-80-е гг. XVII в. Текст начинается на л. 567. Нач.: "Лета 7061 году царь и великий князь пошел с Коломны х Казани".||
Повесть и Сказание о взятии Казани|БАН, 32.8.3|Сборник исторический, второй половины XVII в., 1о, 894 л., скоропись. Текст начинается на л. 855. Сказание о взятии Казани, составленное, повидимому, келарем Сергиева монастыря Андреяном Ангеловым и вошедшее частями в Историю о Казанском взятии и в Царственную книгу. Нач.: "Приидете, отцы и братия князе Иване Васильевиче". Вторая половина сказания, начиная от выступления царя из Свияжска, выделена особым заглавие (л. 871) - "Повесть, како благочестивыи и великии князь Иван Васильевич, всеа Русии самодержец ... врагов своих одоле и град Казань взял". |Сказание о велицеи милости Божии, еже всемилостивыи Бог сотвори на рабе своем благочестивом цари и великом князе Иване Васильевиче и "Повесть, како благочестивыи и великии князь Иван Васильевич, всеа Русии самодержец ... врагов своих одоле и град Казань взял"|
Казанский летописец|БАН, 24.5.9|Рукопись. Втор. полов. XVII в., 4о, 184 л., скоропись. Текст начинается с л. 2. Список издан в вариантах в ПСРЛ. Т. XIX. |Сказание в кратце от начала царства Казанскаго, и о бранех и о победах великих князей Московских и о цари казанскими  о взятии царства Казани, еже ново бысть|
Казанский летописец|БАН, 45.4.5|Сборник, третья четверть XVII в., 4о,  173 л. Полуустав и скоропись. Текст начинается на л. 2. Нач.: "Красныя убо и новыя повести сея достоит". История более поздней редакции состоит из 79 глав. Последняя глава: О царьском хожении по святым местам и о рожении государьских чад.|Книга, глаголемая история о Казанском царствии. Сказание вкратце о начале царьства Казаньскаго, како и откуду и в которое лето зачася и о победах великих князеи московских с царми Казанскими и о взятии царства Казанскаго благоверным царем и великим князем Иваном Васильевичем великия Росия самодержцем|
Казанский летописец|БАН, 16.16.35|Первая четверть XVII в., 4о, 179 л. Скоропись.Текст начинается на л. 1 с предисловия, прерывается на главе 86 "О поставлении архиепискупа Гурия и о двоих архимаритов". По классификации Г. З. Кунцевича относится к 5-й редакции списков.|Сказание вкратце о начале царства Казанского и о брани и о победах великих князеи московских со цари Казанскими и о взятии того же царства казанского|
Казанский летописец|БАН, 32.4.1|Первая четверть XVIII в., 4о, 302 л. Скоропись. По классификации Г. З. Кунцевича рукопись относится к VIII редакции списков. Состоит из 79 глав. Предисловия нет; последняя глава: "О царском хожении по святым местам и о рожении царских чад".||
Казанский летописец|БАН, 34.8.25|Сборник исторический, вторая четверть XVI в. и нач. тр. четв. XVII в. 4о, 612 л. Скоропись. Текст начинается на л. 277. Нач.: " Красныя убо и новыя повести сея". История о казанском царстве поздней редакции. Кончается известием о поставлениии в Москве церкви Покрова Богородицы.|Книга, глаголемая история о Казанском взятии и о царствии, сказание вкратце от начала царства казанского, и о брани и о победах великих княщеи московских с царми казанскими и о взятии царства казанского|
Казанский летописец|БАН, 34.4.1|Сборник исторический, тр. и посл. четв. XVII в. 1о, 788 л. Скоропись. Текст начинается с л. 493. Нач.: "Красныя убо и новыя повести". История о казанском царстве более поздней редакции. Кончается чудом о воде Никиты столпника Переяславского. |Сказание вкратце о начале царьства казанскаго и о победах великих князеи московских со царми казанскими и о взятии того же царства казанскаго от благочестиваго царя и великаго князя Иоанна Васильевича всеа Русии московскаго |
Казанский летописец|БАН, 16.17.31|Сборник исторический, последней четверти XVII в., 4о, 325 л., скоропись. Текст начинается на л. 1. Нач.: "Красныя убо и новыя повести сея". Предисловие "До чителника предмова належит"; за ним следует на л. 2 - Оглавление и л. 10 - текст истории в 79 главах; последняя глава - "О царском хождении по святым местом". История принадлежит ко второй редакции списков.||
Казанский летописец|БАН, 32.8.8|Сборник историч. XVIII в. (1730 гг.), 1о, 210 л., южнорусская скоропись. Текст начинается на л. 78.|Сказание вкратце в начале царства Казанского и о брани и о победах великих роиииских московских князеи со царями Казанскимы и о взятии того же царства Казанскаго|
Казанский летописец|РГБ, собр. И. Д. Беляева 10(1516)|XVII в., в 4о, 517 л., скоропись. Текст Казанского летописца с разными приложениями. Сл. пред. рук., л. 92. Казанский летописец оканчивается на 252 л. ||Викторов А. Е. Собрание рукописей И. Д. Беляева. М., 1881. С. 8.
Казанский летописец ("Книга глаголемая История о Казанском царствии")|РГБ, собр. И. Д. Беляева 9 (1515)|Сборник исторический, XVIII в., 1о, 217 л., скоропись. Текст начинается с л. 92. Казанский летописец в 80-ти главах. ||Викторов А. Е. Собрание рукописей И. Д. Беляева. М., 1881.  С. 7.
Казанский летописец|РГБ, собр. И. Д. Беляева 11 (1517)|XVII в., 4о, 280 л., скоропись ||Викторов А. Е. Собрание рукописей И. Д. Беляева. М., 1881. С. 9.
Казанский летописец|РГБ, собр. И. Д. Беляева 12 (1518)|XVII в., 4о, 314 л., скоропись||Викторов А. Е. Собрание рукописей И. Д. Беляева. М., 1881. С. 10.
Казанский летописец|РГБ, собр. МДА 27 (196)|Сборник, 4, XVI в., 263 л. На л. 91-м надпись: "Троицкаго старца Исаия Печерьскаго книга Казанское взятье и иные повести писаны".  Нач.: "Красныя убо и новыя повести сея ".|Сказание вкртце оначале царства Казанскаго избрано, и о победах великих князей Московских с (над) царми Казанскими и о взятии того же царства Казанскаго|
О взятии Казани|Антониев Сийский монастырь 222 (1833) [старый шифр?]|Сборник, XVI-XVII вв., 4о, ок. 800 л., полуустав и скоропись разных почерков ||Викторов А. Е. Описи рукописных собраний в книгохранилищах Северной России. Издание Археографической комиссии. СПб., 1890. С. 106
О покорении Казани (выписка из Степенной книги?)|РГБ, собр. И. Д. Беляева 65 (1574)|Сборник новых списков, 1о, 352 л. Степенная книга. Кн., II. С. 251. |Царевнино прорицание о Казани|Викторов А. Е. Собрание рукописей И. Д. Беляева. М., 1881. С. 64
О казанских воеводах и архиепископах с 1552 по 1721 г.|Публ. Музей 620|Исторический сборник, XVIII в., 4о, 363 л., скоропись  ||Викторов А. Е. Каталог славяно-русских рукописей, приобретенных московским публичным и Румянцевским музеем в 1868 г. после Д. В. Пискарева. М., 1871. . С. 52. № 185. 
Повесть о Казанском взятии|Публ. Музей 613|Степенная книга, 1о, XVII в., 355 л., скоропись в два столбца||Викторов А. Е. Каталог славяно-русских рукописей, приобретенных московским публичным и Румянцевским музеем в 1868 г. после Д. В. Пискарева. М., 1871. . С. 48. № 178.
Казанский летописец|Публ. Музей № 619|Сборник исторический, 4о, XVII в., 509 л. В конце последнего памятника подпись писца: "Писал Крироской дьячек Васька Иванов Бова, лета 7200 (1692 г.)".|Сказание вкратце о начале царства Казанскаго|Викторов А. Е. Каталог славяно-русских рукописей, приобретенных московским публичным и Румянцевским музеем в 1868 г. после Д. В. Пискарева. М., 1871. . С. 51. № 124
Казанский летописец|РНБ, Q.XVII.78|начала XVIII в., скоропись, на 285 л.||Калайдович К., Строев П. Обстоятельное описание славяно-российских рукописей, хранящихся в библиотеке Ф. А. Толстова.  М., 1825.  С. 554. № 425
Казанский летописец|Тверской музей 133|Сборник, 8о, 380 л., скоропись XVII в. Текст начинается с л. 55. Нач.: "Красныя убо и новыя повести достоино и радостно послушати христоименитии людие". Конца нет. Последняя глава 48: О пошестви царя Шихалея к Москве и печаль великаго князя царя Иванна Васильевича о Козани и о пришествии в Козань Одигеря царя. Царь же Шихалей скоро поиде к Москве. Глава не кончена (л. 173). За этим листом два листа в рукописи вырваны. На л. 181 продолжение того же сказания: "Аще бы рече мало было в  Козани то не бы се случилося. Ныне же царю совет даю ти. Совет з боляры своими царя Ивана Васильевича о Казани". Глава 49 обрывается на половине страницы л. 185: "По отшествия сего света прелестнаго мира в земных местонебесная, а в тленных место нетленная и бесконечная радость и вечное веселие еже". |Повесть известна в начане великаго царьства казанскаго и о приходе московских царей и князей об битьи о взятьи того же царьства казанскаго|Сперанский М. Н. Описание рукописей Тверского музея. М., 1891. С. 170. № 133
Казанский летописец|Тверской музей № 129|Сборник, конец XVII в., 8о, 406 л., скоропись. Текст начинается с л. 7. Нач.: "Красныя убо и новыя повести сеа достоит нам радостно послушати". Текст полный. |Сказание вкратце о начале царства Казанскаго и о брани и о победах великих князей Московских со царми казанскими и о взятии того ж царства Казанскаго"|Сперанский М. Н. Описание рукописей Тверского музея. М., 1891. С. 162. № 129
Казанский летописец|БАН, Архангельское собр. С. 156|Исторический сборник, XVII в., 1о, скоропись, 688 л.|нет данных|Викторов А. Е. Описи рукописных собраний в книгохранилищах Северной России. Издание Археографической комиссии. СПб., 1890. С. 34.
Казанский летописец||кон. XVII в., 4о, скоропись,  285 л. 79 глав.|Книга, глаголемая История о начале царства Казанскаго: како и откуду и которого лета начася, и о брани и о победах великих князей Московских с царьми Казанскими, и о взятии Казани царем и великим князем Иоанном Васильевичем, всеа Росии самодержцем|Общ. Ист. № 76. С. 30.
О Казанском взятии|РНБ, собр. П. Н. Тиханова 205|XVII в., 4о, 188 л.||Абрамович Д. И. Описание коллекции рукописей из собрания П. Н. Тиханова // Отчет Императорской публичной библиотеки за 1907. СПб., 1914.
Казанский летописец||XVII в., 4о, скоропись, 128 л. Список небрежный. Текст разделен на 90 глав. ||
Казанский  летописец|РНБ, собр. А. А. Титова № 3249|XVII в., 4о, скоропись, 245 л.||Титов А. А. Охранный каталог славяно-русских рукописей А. А. Титова. Вып. IV. № 3249. С. 51
Казанскийлетописец|РНБ, собр. А. А. Титова № 3222|XVII в., 4о, скоропись, 344 л.||Титов А. А. Охранный каталог славяно-русских рукописей А. А. Титова. Вып. IV. № 3222. С. 49
Казанский летописец|собр. Археографической комиссии № 45|Сборник. XVII-XVIII в., 1о, 221 л. Текст начинается с л. 3. Заглавие: "Сказание вкратце о начале царства Казанскаго и о бранех и о победах великих князей Московских со царми Казанскими, и о взятии того царства Казанскаго благоверным царем и великим князем Иоанном Васильевичем, всеа Росии самодержцем". Нач. "Красныя убо и новыя повести сия достоит нам радостно послушат, о христоименитии люди".||Барсуков Н. П. Рукописи Археографической комиссии. 1882. С. 34. № 45.
Казанский летописец|РНБ, собр. А. А. Титова № 3275|XVIII в., 4о, скоропись, 168 л.||Титов А. А. Охранный каталог славяно-русских рукописей А. А. Титова. Вып. IV. № 3275. С. 53.
Повесть о взятии Казани |Библиотека Лопарева 12|Сборник, XVI в.  Нач.: "В лето 7060-го. Помыслил царь государь князь велики с своею братиею поити в свою отчину в Новгород Свияжскои".||Рузский. С. 56
Казанский летописец||XVII в., 4 о, скоропись одного почерка, 198 л.  Записи: Сия книга, глаголемая Казанское Историе, столника Юрья Андреевича Приклонскова. 1702 году октября в день (л. 122 об.) Моление образом Павла Никифоровича. Образ Спасов. Златая риза, в киоте, венец золот на затворах архханели Михаил и Гавриил, образ Пречистые Богородицы Знамение в Киоте, риза серебреназолочена, подниз и рясы и ожереле жемчюг болшой и золотые; образ Богородицы Тифинские, в киоте оклад чеканнои; образ Софеи премудрости Божии, в Киоте, оклад резной золочен; образ великого чюдотворца Николы, в киоте, окладчеканнои; складни Господские празники; образ Алексея Человека Божия; образ Николы чюдотворца; образ Ангелы наши; образ Похвалы Богородицы; образ Нерукотвореннаго образа; образ мученицъ: Ирины, Екатерины и Алексея; образ Козмы и Дамияна; образ Исповедников; образ Ивана Воинственника; образ Преображения; образ Богородицы Успения; образ Казанских чюдотворцов; Сия книга Ивана Матвеева сына Спиридонова; в сей книги 196 листов (л. 198 об.). Нач.: "Красныя убо и новыя повести сея достоит нам ". В рукописи 73 главы. Две последние не  имеют отношения к Казанскому летописцу.  л. 192 - Глава 72. Послование с посланием к цыгарю християнскому Захарии Ивановича Сугорсково от государя царя и великого князя Ивана Васильевича всеа Русии. Глав 73. Нач. В лето 7084 год, государь царь и великии князь Иван Васильевич всеа Русии о том послал к ближнему своему и благоприятному приятелю к цысарю к Римскому. |Сказание вкратце о начале царства Казанскаго, о брани и победах великих князей Московских с царьми Казанскими и о взятии царства Казанскаго|Описание рукописей князя Павла Петровича Вяземского. 1902. (ОЛДП. Издания. № 119). № CCLXXXIII. С. 467-468.
Окончание Казаского летописца|РНБ, Q.XVII.208|Сборник, XVI и XVII вв., 4о, 196 л., полуустав (л. 104 об.-105) и скоропись. Текст начинается с середины 71-й главы (со слов: "...ныя церкви поставлены быша, и обхождаху по стенам града и по улицам сам царь и синклит весь") до конца сочинения. ||Бычков И. А. Каталог собрания рукописей Ф. И. Буслаева, ныне принадлежащих императорской Публичной Библиотеке. СПб., 1897.  С. 270. № 87
Отрывок из Казанского летописца|РНБ, Q.XVII.209|Сборник, втор. полов. и кон. XVII в., 4о 361 л. Текст начинается с л. 358. Содержит конец главы 73-й, главы 74-77 и начало 78-й (главы не совпадают с печ. изданием 1791 г.; ср. стр. 206 и след.). Рукописный текст отличается от печатного. Быть может, эти четыре листка составляли конец того списка Истории, который нахоится выше, в этой же рукописи и который имеет там свое окончание, но в начале имеет деление на главы||Бычков И. А. Каталог собрания рукописей Ф. И. Буслаева, ныне принадлежащих императорской Публичной Библиотеке. СПб., 1897.  С. 277. № 89
Казанский летописец|РНБ, Q.XVII.209|Сборник, втор. полов. и кон. XVII в., 4о, 361 л. Текст начинается на л. 195. Нач.: "Красныя убо новыя повести достоит нам радостно послушати". С л. 195 по 223-й список имеет разделение на главы (не совпадающие с главами печатного издания "Истории о Казанском царстве") и является отчасти в сокращенном виде, сравнительно с печатным изданием. С листа же 224-го (начиная с этого листа идет другой скорописный почерк, но тоже второй половины XVII в.) деления на главы в рукописи более нет, и текст ее представляет значительные отличия от печатного издания.|Сказание, сииречь история о начале царьства Казанского и о бранех и о победах великих князей московских со цари казанскими и о взятии царства Казанского|Бычков И. А. Каталог собрания рукописей Ф. И. Буслаева, ныне принадлежащих императорской Публичной Библиотеке. СПб., 1897.  С. 275. № 89
О Казанском здании выписано ис Краники вкратце, како бысть|РНБ, Q.XVII.211|Сборник, нач. XVIII в., 4, 441 л. Текст начинается на л. 318. Нач.: "Град Казань исперва создана бысть от Ординскаго царя именем Саина". Затем на л. 319 об. краткое известие о взятии Казани в 7061 году и три чуда, бывшие в 7061 году "во взятие Казанское" (о родившемся от коровы детище человеческим образом; диво о рыбной ловитве на реке Волге;ино диво (о видении "человека седа", который советовал казанцам не противиться московскому царю).||Бычков И. А. Каталог собрания рукописей Ф. И. Буслаева, ныне принадлежащих императорской Публичной Библиотеке. СПб., 1897.  С. 285. № 91.
Казанский летописец|РГБ, собр. В. М. Ундольского 774|XVI в. ||
Казанский летописец|РГБ, собр. В. М. Ундольского 775|XVII в.||
Казанский летописец|РГБ, собр. В. М. Ундольского 776|XVII в.||
Казанский летописец|РГБ, собр. В. М. Ундольского 777|XVIII в.||
Казанский летописец|РГБ, собр. В. М. Ундольского 778|XVIII в.||
Казанский летописец||Кон. XVI-XVII в., 4о. Из Казани, неполная и совсем испорченная.  86 глав. Первые и последние листки порваны. ||Викторов А. Е. Собрание рукописей В. И. Григоровича. М., 1879. С. 82. № 17(43)
Казанский летописец|РНБ, Q.IV.408|XVIII в., 4о, скоропись, 129 л. Прерывается на главе 80-й - О шествии государя царя и великаго князя во град Казань - словами: "И виде толикое множество падение татар и жен их и детей, и покивав". В середине рукописи утрачено в двух местах несколько листов, именно между лл. 32 и 33 восемь листов и между лл. 40 и 41 четыре листа. Настоящий список был разделен на 92 главы, как это видно из находящегося в конце рукописи оглавления, в котором начало (первые 27 глав) утрачено.||Бычков И. А. Каталог собрания рукописей П. И. Савваитова, ныне принадлежащих Императорской публичной библиотеки. Вып. 1. СПб., 1900. С. 147
Казанский летописец|РНБ, Q.XVII.227|XVII в., 4о, скоропись, 243 л. Текст начинается с л. 118. |Сказание вкратце о начале царства Казанскаго и о брани и о победах великих князей московских со царями казанскими, и о взятии того ж царства Казанскаго|Отчет Императорской публичной библиотеки за 1897 г.
Казанский летописец|собр. Археографической комиссии № 16|XVII в., 4о, скоропись, 50 л. Рукопись доставлена в Археографическую комиссию графом Д. Н. Блудовым при отношении от 14 мая 1844 года. Не есть ли это та же самая рукопись, которая некогда принадлежала историографу Миллеру (Рычков "Опыт Казанской Истории". СПб. 1767, 8, С. 66-67)?||Барсуков Н. П. Рукописи Археографической комиссии. 1882. № 16. С. 4.
Казанский летописец|Общ. Ист. № 127|Летописец Русский, кон. XVII в., 1о, скоропись, 560 л. Текст начинается с л. 437 и идет до конца рукописи.  |Сказание вкратце о начале царства Казанского и о бранех и победах великих князей Московских с царьми казанскими, и о взятии того же царства Казанскаго от благочестиваго Царя и Великаго князя Ивана Васильевича всеа Русии Московскаго|Общ. Ист. № 127. С. 47.
Казанский летописец|собр. Археографической комисси № 60|XVIII в., 1о, 84 л.  |Сказание вкратце о зачале царства Казанскаго, и о брани, и о победах великих князей Московских со царьми Казанскими, и о взятии того же царства Казанскаго от благочестиваго царя и великаго князя Ивана Васильевича Московскаго и всеа Русии|Барсуков Н. П. Рукописи Археографической комиссии. 1882. С. 42.
Казанский летописец|собр. Археографической комиссии № 17|XVIII в. |История от начала Казанского царства, откуду исперва и в какая лета како быти почася и о бывших великих победах его|Барсуков Н. П. Рукописи Археографической комиссии. 1882. С. 5.
Казанский летописец|РНБ, Q.I.363|XVII в., 4о, скоропись, 258 л. |Сказание вкратце о начале Царства Казанского|Калайдович К., Строев П. Обстоятельное описание славяно-российских рукописей, хранящихся в библиотеке тайного советника, сенатора, двора его императорского величества действительного каммергера и кавалера графа Ф. А. Толстова. М., 1825.  С. 496
Казанский летописец|Кирилло-Белозреский монастырь 17 (776)|XVIII в., 4о, скоропись Петровского времени, ок. 200 л. Казанский летописец, без начала и с вырваными тетрадями в конце. В приложении - разные летописные отрывки, документы (Петровские реляции) и повести. В числе последних: Повесть о Египте (нач.: "Бысть во Египте царь некто Черкасский, имя ему Гавриил") и Повесть об Акире Премудром.||Викторов А. Е. Описи рукописных собраний в книгохранилищах Северной России. Издание Археографической комиссии. СПб., 1890. С. 142
Казанский летописец|РНБ, Q.IV.5|4о, 200 л. Заглавие: "Сказание вкратце о начале царства Казанского".||Калайдович К., Строев П. Обстоятельное описание славяно-российских рукописей, хранящихся в библиотеке тайного советника, сенатора, двора его императорского величества действительного каммергера и кавалера графа Ф. А. Толстова. М., 1825.  С. 671.
Казанский летописец|РНБ, Q.XVII.65|XVII в., 4о, скоропись разных почерков, 497 л. Текст начинается с л. 78. |Сказание вкратце о зачале Царства Казанскаго|Калайдович К., Строев П. Обстоятельное описание славяно-российских рукописей, хранящихся в библиотеке тайного советника, сенатора, двора его императорского величества действительного каммергера и кавалера графа Ф. А. Толстова. М., 1825.  С. 278
Казанский летописец|РНБ, Q.IV.7|4о, 155 л. |Сказание вкратце о начале царства Казанскаго|Калайдович К., Строев П. Обстоятельное описание славяно-российских рукописей, хранящихся в библиотеке тайного советника, сенатора, двора его императорского величества действительного каммергера и кавалера графа Ф. А. Толстова. С. 683
Казанский летописец|РНБ, F.IV.14|1о, 113 л. |Сказание вкратце о зачале Царства Казанского|Калайдович К., Строев П. Обстоятельное описание славяно-российских рукописей, хранящихся в библиотеке тайного советника, сенатора, двора его императорского величества действительного каммергера и кавалера графа Ф. А. Толстова. С. 630
Приход в Кириллов монастырь|РНБ, Q.XVII.67|XVII в., 4о, скоропись, 234 л. Текст начинается с л. 222.||Калайдович К., Строев П. Обстоятельное описание славяно-российских рукописей, хранящихся в библиотеке тайного советника, сенатора, двора его императорского величества действительного каммергера и кавалера графа Ф. А. Толстова. С. 353.
Список игуменов Кирилло-Белозерского монастыря|РНБ, собр. М. П. Погодина 1571|Сборник из нескольких рукописей, XVI и XVII вв., 4о, 127 лл. Текст с л. 122. Последним в списке показан Макарий; за ним следует известие о кончине Мартиниана, старца Ферапонтова монастыря, последовавшей 11 января 6991 (1483) года.|Игумени Кирилова манастыря, и после которого был и колико лет жил|Бычков А. Ф. Описание славянских и русских рукописных сборников Императорской публичной библиотеки. Вып. 1. СПб., 1878.С. 69. 
Письма к г. председателю Филарету архиеп. Московского касательно издания Кирилло-Белозерского летописца||||Труды и лет. ОИДР. Ч. III. Кн. 2. С. 169.
Летописные отрывки Кирилло-Белозерского монастыря|РНБ, собр. М. П. Погодина 1566|Сборник из нескольких рукописей, XVI и XVII вв.,  4о, 70 лл. Летописные отрывки Кирилло-Белозерского монастыря. Начинаются перечислением великих князей и главнейших событий русской истории. Первые записанные известия, относящиеся к Кирилло-Белозерскому монастырю, суть следующие: В лето 6935. Преставися Кирил Чюдотворець Белозерьски, а жил лет 90. В лето 6942. Марта 14. Преставися Христофор, игумен Кириловский. В лето 986. Февраля 2, постригл Нифонт великую княиню Марфу. В лето 6987. Постригл Нифонт Гурья Тушина (он был впоследствии игуменом) да Дорофея, в неделю, на обедне на выходе. Тое же осени постригл Нифонт Луко Соловарова. В лето 6989. Княини великая Софья была в Кирилове монастыре. В лето 991. Ходили старци болшие 15 из Кирилова, а пошли по Ильине дни, а пришли в велики пост в третью неделю во свои кельи. По грамоте князя Михаила Андреевича, в лето 7004, почали ставити в Кирилове монастыре церковь камену, а стала в пять месяць и лоб железом побили, а стала в полтретьяста руб. Это же известие повторено в другом месте: Лета 7004-го. Поставлена бысть в Кириловемонастыри церковь Успение Пречистыя Богородицы, ставили 5 месяць, стала 208 рублев, каменщиков и стенщиков, 20 мастеров, большои был Прохор Ростовскои. Последнее известие, находящееся в летописных отрывках, относится к 7121 (1613) году; оно сообщает о прибытии в Москву, 11-го июля, царя Михаила Феодоровича. Из других, находящихся в этих отрывках, известий, более любопытны следующие: список 37-ми игуменов Кирилло-Белозерского монастыря; последним в этом списке показан Флавиан, поставленный 24 июля 1615 года; ср. Ист. Росс. Иерарх. Ч. IV, С. 496-501. В Печерском монастыри, что во Пскове, освящена бысть церкви Успения Пречистыа Богородицы августа 15 день в лето 6981-го. В лето же 7029-го иконописец, муж благочестив и Богобоязнив, именем Алексии Псковитин, словомыи Малыи, тои написа чюдотворныи образ Пречистыя Богородицы, честнаго ея Успения. 113 году, того же месяца маия 30 день прислан с Москвы князь Андреи Голицын, во иноцех Дионисии. и жил в Кирилове манастыри десять днеи, и сьехал к Москве июня в десятыи день. 118 году месяца июля 17 день того же Деонисия Голицына игумен Матфеи привез с собою с Москвы по государеву приказу. 114 году месяца априля 3 день, на 5 недели Великаго Поста, в четверток, по повелению Розтриги царя Гришки, привез в Кирилов монастырь Евфим Бутурлин царя Семиона Тверскаго, в тои же день и постригли, и дано ему имя во иноцех Стефан, и жил в Кирилове манастыри 2 месяца и приехал с Москвы дворянин государев царя и великаго князя Василия Ивановича Федор Иванов сын Супонев, и велено ему по грамоте инока Стефана свести на Соловки. ||Бычков А. Ф. Описание славянских и русских рукописных сборников Императорской публичной библиотеки. Вып. 1. СПб., 1878. С. 37. 
История Кирилло-Белозерского монастыря и службы разным святым.||XVIII в., 2о, полуустав, 253 л. ||Титов А. А. Рукописи преосвященного Амфилохия, епископа Угличского. М., 1892. С. 10. № 179
Летописец киевская (южно-русская), без начала и конца, с 6453 по 6797|РНБ, собр. М. П. Погодина 1401|к. XV-XVI, 1о, полуустав, 323 л.||
Летописные заметки о Киеве|РНБ, Q.XVII.144|Сборник, XVII в, 4о, скоропись, 221 л. Текст заметок начинается с л. 28.||Отчет Императорской публичной библиотеки за 1874. С. 131
Краткий летописец от сожжения Коростеня княгиней Ольгой|РНБ, собр. М. П. Погодина 1355|XVIII, 2о, скоропись, 140 л. Текст на л. 57-60 об.: "О граде Киеве. Первии посельницы в Киеве варяги в Новеграде словяне в Полотцке кривичи в Ростове меря".||
Летописец Киевский|РНБ, собр. А. А. Титова № 3385|XVIII в., 4о, скоропись, 108 л.||итов А. А. Охранный каталог славяно-русских рукописей А. А. Титова. Вып. IV. № 3385. С. 61
Выписка из печатной киевской истории|РГБ, МДА № 100|Сборник, XVIII в., 4о, полуустав и скоропись, 366 л. Текст на л. 312-319 об. Нач.: "Лета от сотворения света 2244 о Потопе во второе лето Нои праотец наш вторыи родом началник раздели всю вселенную трем сыном своим: Симу, Хаму и Афету. И извержеся от нерадения Хам".||
Киевская летопись от пришествия славян по 7025 г.|Киево-Софийский собор № 521|1829 г. (копия этого года), 4о. Внесена в Библиотеку государственной коллегии иностранных дел Московского Архива Коллежским ассесором Алексеем Малиновским. Списано с того подлинника в Киеве 1829 г. В конце кпия с письма Калайдовича. Оригинал - Супрасльская рукопись.  Первая часть до 1382 г. - содержит всеобщий Российский летописец, преимущественно дела Новгородские. Вторая - до 1514 г. - Киевская. ||
Выдержки из Повести временных лет|РНБ, собр. М. П. Погодина 1953|Сборник из семи рукописей, 1678 г., 4о, 153 л.  Выдержки из "Повести временных лет" начинаются с л. 128. Среди них: "Како был святыи апостолъ Андреи в Великом Новегороде"; о нахождении Обров; о нравах Халдеев, Вавилонян и Гилиев (ин же закон Тилнем).||Бычков А. Ф. Описание славянских и русских рукописных сборников Императорской публичной библиотеки. Вып. 1. СПб., 1878.С. 374. 
Повесть временных лет c продолжением до 6713 г.|РНБ, F.IV.325|Сборник, XVIII в., 1о, скоропись, 278 л. Стр. 1-264. Повесть временных лет черноризца Феодосьева монастыря Печерского. Продолжается до 6713 года включительно.||Отчет Императорской публичной библиотеки за 1867 г. С. 55-56.
Выписки из русских летописей и Хроники Стрыйковского о Киеве. |РНБ, собр. М. П. Погодина № 1569|Сборник из трех отрывков, 4о, 130 л. Л. 71. Выписки из русских летописей и хроники Стрыйковского о Киеве; они начинаются с 1243 года, с утверждения на киевском престоле Ярослава Всеволодовича, и оканчиваются 1654 годом, возвращением Киева под державу царя Алексея Михаиловича. Року от создания мира 6791-го, а от Рождества Христова 1283, посещен бысть митрополит Киевскии Максим Грек от Георгия, патриархи Костентинополского, и принесеся с Киева в Москву ради татарския обиды и непокоя, и оттоле начаша митрополиты Киевскии в Москве жити, а в Киеве токмо намесники бяху. По свидетельству харатиных древних летописцов обаче светительскою честию судиша патриарси Росиискому митрополиту предпочитатися выше всех митрополии, и егда случится всея вселенныя собор, председанием имети превыше по Иеросалимском потриарсе Великия Росии митрополиту в начальном месте, яко же обретается напечатано в начале правил, на Москве печатных. Помещен список Киевских воевод (числом 15); первым из них значится в нем Иоанн Ходкевич (1480 г.), а последним - Адам Кисель, из Брусилова (1651 г.). После известия о возвращении Киева в подданство России, помещен рассказ о приходе в 1677 году турок и крымских татар к Чигирину и о разбитии их.Конца не достает. ||Бычков А. Ф. Описание славянских и русских рукописных сборников Императорской публичной библиотеки. Вып. 1. СПб., 1878.С. 160. 
Выписка из Синопсиса|РНБ, собр. М. П. Погодина № 1569|Сборник из трех отрывков, в 4о, 130 л. Текст выписки начинается с л. 119. Выписка ис Печатного история Киевскаго. Измененное  начало Синопсиса, доведенное до прибытия Рюрика, Синеуса и Трувора и наполненное известными баснями о Русе и Словене. О сестре их Ильмере, о старшем сыне Словена Волхве и пр.||Бычков А. Ф. Описание славянских и русских рукописных сборников Императорской публичной библиотеки. Вып. 1. СПб., 1878.С. 160. 
Летописец Киевский|РНБ, собр. Соловецкого монастыря № 352 (240)|XVII в., 1о, 251 л. Текст летописца помещен на л. 198-237. Летописец начинается с разеления земли между сыновьями Ноя после потопа и оканчивается рассказом о возвращении Киева под владычество России в царствование Алексея Михайловича. |Летописец киевский о начале древнего славено-российского народа и прозвищи его|Описание рукописей Соловецкого монастыря, находящихся в библиотеке Казанской духовной академии. Ч. I. С. 555.
Летописец от создания Киева|РГБ, МДА № 1 (из Вологодской Духовной консистории)|XVII в., 4, 227 л. Текст начинается на л. 178 об. Нач.: "По Потопе Ноеве трие сыны Ноевы Сим, Хам, Афет, разделиша землю, те же приседят от запада к полунощью исседятца с племенем хамовым". Л. 187. Тако и си владеша в последи самими начяша владети и владеют козары Русью и до нынешняго дни. Л. 187. В лето 6360. Индикта 15 день, начяша Михаилу царствовати... Л. 188. 6366. Изгнаша варязи. Прерывается на л. 212.|Летописец о царех и князех и о киевском создание и откуду начя зовома быти Русская земля и град Киев. Повесть временных лет и откуду пошла Русская земля и кто в неи начя первое княжити и откуду Русская земля стала. Се начнем повесть сию|
Летописные известия о Костроме и Галиче из Летописи по Воскресенскому списку с 6937-6961|РНБ, собр. М. П. Погодина 1612|Сборник XVII в., 4о, 215 л. Текст начинается с л. 213 об. Летописные известия, касающиеся преимущественно Костромы и Галича и находящиеся в Летописи по Воскресенскому списку (ПСРЛ. Т. 9). Они начинаются 6937 годом - приходом Татар на Галич и взятием Костромы, Плеса и Луха - и оканчиваются 6961 годом - кончиною кнзя Дмитрия Юрьевича Шемяки в Новгороде. ||Бычков А. Ф. Описание славянских и русских рукописных сборников Императорской публичной библиотеки. Вып. 1. СПб., 1878.С. 216. 
Курский летописец ||Полуустав XVIII в., в 4, 172 л. Заглавие оторвано. Известная повесть о начале гор. Курска и чудесах тамошней иконы Богоматери (срав. Опис. рукоп. Гр. Толстого. Отд. V. № 13); последнее чудо 1662 года. В конце: "Писаны си чюдеса в лета 7198 году". След. Летописец составлен в 1690, такие слова не могут относиться к списку довольно новому. ||Общ. Ист. № 130. С. 48
Курский летописец |РНБ, Q.IV.10|4о, 112 л. Курский летописец в 33 главах, завершается 7170 (1662) г.||Калайдович К., Строев П. Обстоятельное описание славяно-российских рукописей, хранящихся в библиотеке тайного советника, сенатора, двора его императорского величества действительного каммергера и кавалера графа Ф. А. Толстова. М., 1825. С. 658
Летописец малороссийский||Список 1766 года, 1о, 114 л.  Рецензию этой рукописи см. в Труд. Общ. Истор. III. Кн. 2. С. 63. Подарил С. Д. Нечаев. |Летописец, в Малороссии прежде Хмельницкаго бывших гетманов и при них действия, с 1340 до 1734 года.|Общ. Ист. № 131. С. 48.
Московский летописец до 7208 г.|ГИМ, Синодальное собр. 963|Летописный сборник в трех томах, разных почерков XVI-XVIII в. Текст на л. 105-112.  Начало: «От Адама до потопа 1000 восмь лета»
|Летописец московской от сотворения мира. Выписано из старых летописцев|
Летописец Киевский, Владимирский и Московский|РНБ, F.IV.217|XVII в., 4о, скоропись разных почерков, 269 л. до 1478 г.|Летописец Киевский и Владимирский и Московский всех Российских князей|
Летописец с известиями о Москве до 1676 г.|РНБ, собр. М. П. Погодина 1565|Сборник из 9 отрывков, 4о, 209 л. Сведения о писце: «А писал сию тетрать Троицкой поп Алексей Васильев своею рукою». Заглавие: «Списак стараго летаписца слова в слова. Летаписец написан от сотворения мира, что учинилось в Московском государстве и во всей Росийской земли, в котором году и месяце и числе». Начинается летописчислением от Адама. Окончание: «И того (7184 г.) году. Июля в 9 день, на память святаго отца нашего Кирилла Александрийскаго, загорелося на Москве в Белом городе на Петровке и выгорело до Землянаго города поТверскую и по Неглинную, и людей згорело у Петровских ворот 370 человек, а иных не весть сколко».||
Летописец с известиями за 1237-1645 гг.|РНБ, собр. М. П. Погодина 1599|4о, 189 л. Начинается известием об убиении Федора Юрьевича Рязанского. Завершается венчание на царство Алексея Михайловича в 1645 г.|Летописец старых лет, что учинилося в Московском государстве и во всей Руской земле в нынешняя последняя времена|Бычков А. Ф. Описание славянских и русских рукописных сборников Императорской публичной библиотеки. Вып. 1. СПб., 1878.C. 232. 
Историческое сочинение о начале Московского государства до царя Ивана Васильевича|РНБ, Q.XVII.77|нач. XVIII в., скоропись, 246 л. |О зачале Московскаго государства с последующими происшествиями до царя Иоанна Васильевича|Калайдович К., Строев П. Обстоятельное описание славяно-российских рукописей, хранящихся в библиотеке тайного советника, сенатора, двора его императорского величества действительного каммергера и кавалера графа Ф. А. Толстова. С. 550. № 415. 
Летописец выбором с известиями за 6662-7204 гг.|РНБ, собр. М. П. Погодина 1565|4о, 209 л. Текст начинается с л. 197. Начинается известием о принесении из Царьграда великим князем Андреем Боголюбским чудотворной иконы Божией матери. Завершается известие 7204 (1696 г.) о взятии Азова.|Летописец написан выбором из старых летописцев, что учинилось в Московском государьстве и о всей Руской земли|Бычков А. Ф. Описание славянских и русских рукописных сборников Императорской публичной библиотеки. Вып. 1. СПб., 1878.С. 122. № XXXII.
Краткие летописные заметки о Московских и других событиях до царя Федора Алексеевича|РГБ, собр. Ундольского № 1079|Сборник XVII в., 4о, 233 л. ||Викторов А.Е. Собрание славяно-русских рукописей В.М. Ундольского. М., 1870. С. 49. № 1079. 
Летописец выбором с известиями за 6834-7153 гг.|РНБ, Q.XVII.63. |Сборник, середина XVII в., 8о, 211 л.  Текст начинается с л. 203.Начало: «Лета 6834-го году, декабря в 21 день, преставися на Москве чюдотворец Петр, митрополит киевский и всея Русии; пас церковь Божию 18 лет и 6 месяц». Окончание: «Того ж лета, августа в 18 день, в понедельник, в пятом часу дни пре…».|Летописец выбором, что учинилось в Московском государьстве в седмой тысяще по се время|Бычков И. А. Каталог собрания рукописей П. И. Савваитова, ныне принадлежащих Императорской публичной библиотеки. Вып. 1. СПб., 1900. С. 169. № 146
Летописец выбором с известиями за 1326-1645 гг. |ГИМ, собр. П. И. Щукина, I, № 172|1о, полуустав. Текст начинается с л. 848. Заглавие: «Летописец написан выбором старых лет Летописцов, что учинилось в Московском государстве и во всей русской земле в нынешния последния времена». Начинается известием о смерти митрополита Петра в 1326 г. Известие о  смерти царя Михаила Феодоровича в 1645 г.||Яцимирский А. И. Опись старинных славянских и русских рукописей собрания П. И. Щукина. Вып. 1. М., 1896. № 172. 
Степенная книга |ГИМ, собр. П. И. Щукин, I, № 172|Кон. XVII в., 1o, полуустав. На л. 691-860 (?). Изложение событий русской истории доведено до смерти царя Ивана IV. ||Яцимирский А. И. Опись старинных славянских и русских рукописей собрания П. И. Щукина. Вып. 1. М., 1896. № 172. 
Летописец нижегородский|собр. Археографической комиссии № 26.|10 л. Начинается Известием 1212 г. об основании Нижнего Новгорода кн. Георгием Всеволодовичем. Завершается 1687 г.||Барсуков Н. П. Рукописи Археографической комиссии. 1882. С. 11-12. 
Отрывок из Нижегородского летописца.|РГБ, собр. И. Д. Беляева № 22|1о, XVIII в.,  22 л. Текст начинается с л. 15. |В лето 7105 году, месяца июля в 18 день, на память св. мученика Левонтия, в 3-м часу нощи, было посещение Господне в Нижнем Новеграде: в Печерском монастыре оползла гора|Викторов А.Е. Собрание рукописей И.Д. Беляева. М., 1881. С. 14.
Описание событий, случившихся в Нижнем Новгороде в 1683-1687 гг.||Скоропись многих почерков, 773 л. ||Калайдович К., Строев П. Обстоятельное описание славяно-российских рукописей, хранящихся в библиотеке тайного советника,. Сенатора, двора его императорского величества действительного каммергера и кавалера графа Ф. А. Толстова. С. 374. № 220.
Нижегородский летописец|РНБ, собр. А. А. Титова № 2902|XVIII в., 4о, скоропись, 16 л. ||Титов А. А. Охранный каталог славяно-русских рукописей А. А. Титова. Вып. ?. № 2902. С. 21
Нижегородский летописец.|РНБ, собр. А. А.Титова № 2446|XVIII в., 4о, скоропись, 16 л. Рукопись хранилась под шифром 15 в Ростовской митрополичьей библиотеке.||Титов А. А. Охранный каталог славяно-русских рукописей А. А. Титова. Вып. III. № 2446. С. 94.
Повесть о начале города Черного Яра|РНБ, Q.XVII.53|1783 г., 4о. Текст начинается с л. 49. Списано в Нижнем Новгороде в 1783 г.
|Описание о начатии города Чернаго Яра на месте сем, и о сгорении перваго города, которое место ныне называется Городищем|Калайдович К., Строев П. Обстоятельное описание славяно-российских рукописей, хранящихся в библиотеке тайного советника, сенатора, двора его императорского величества действительного каммергера и кавалера графа Ф. А. Толстова. М., 1825.  С. 681. № 65.
Летописец Нижнего Новгорода с 1212 по 1745 гг.|РНБ, Q.XVII.53|||Калайдович К., Строев П. Обстоятельное описание славяно-российских рукописей, хранящихся в библиотеке тайного советника, сенатора, двора его императорского величества действительного каммергера и кавалера графа Ф. А. Толстова. М., 1825.  С. 681.
Известие о землетрясении в Нижнем Новгороде в 1597 г.|РНБ, собр. М. П. Погодина 1573.| 4о, 179 л. Текст начинается с л. 17. ||Бычков А. Ф. Описание славянских и русских рукописных сборников Императорской публичной библиотеки. Вып. 1. СПб., 1878.С. 140. № XXXVIII.
Нижегородский летописец с 1212 по 1685 гг. |РНБ, собр. Погодина 1623| XVIII в., 2о, 107 л. Текст начинается с л. 88 с известия 1212 г. о заложении Нижнего Новгорода кн. Юрьем Всеволодовичем на устье р. Оки. Завершается известием 1685 гг. о пожаре 29 июня и прибытии писцов для измерения и межевания земель.


||Бычков А. Ф. Описание славянских и русских рукописных сборников Императорской публичной библиотеки. Вып. 1. СПб., 1878.С. 401. № LXXVIII. 
Известие о посещении Господнем в 1597 г. Печерского монастыря в Нижнем Новгороде.|РНБ, СПбДА № 1521/343|XVII в., 8о, скоропись. Текст начинается с л. 259. 
||Рузский Н. В. Сведения о рукописях, содержащих в себе хождение в святую землю русского игумена Даниила в начале XII века. М., 1891. С. 83. 
Нижегородский летописец с 1212 по 1692 гг.|РНБ, СПбДА № 421 |XVII-XVIII вв., 4о, 436 л.  Начинается известием 1212 г. о построении Нижнего Новгорода.
Завершается 7200 г. Здесь же: Родословие к. XVIII в. от Рюрика о кончины Федора Иоанновича. 
|Выписано из Летописца шестыя тысящи “О нижнем Нове Граде”|Родосский А. С. Описание 432 рукописей, принадлежащих Санкт-Петербургской духовной Академии. СПб., 1894. С. 370. 
Нижегородский летописец.||XVIII в., 4о, полуустав и скоропись, 299 л. Текст начинается с л. 162. Нач. «В лето 6720, великий князь Юрий Всеволодович заложил град на устье Оки реки».|Выписано из Летописца седмыя тысящы. Сказание о Нижном Новеграде и о пиступе мордвы с татарами|Описание рукописей князя Павла Петровича Вяземского. 1902. (ОЛДП. Издания. № 119). № CCIII. С. 381. 
«Летописец о Нижнем Новгороде» 1221-1556 гг.||XVII в., скоропись, 69 л.||Калайдович К., Строев П. Обстоятельное описание славяно-российских рукописей, хранящихся в библиотеке тайного советника, сенатора, двора его императорского величества действительного каммергера и кавалера графа Ф. А. Толстова. М., 1825. С. 495. 
Краткая Новгородская летопись|БАН, 17.5.13|XVII в. 4о, 53 л. Нач.: «В лето 6497-го. Постави владыка Иоаким церковь древяную святую Софию имущи верхов 13».||
Летопись Новгородская|ГИМ, собр. П. И. Щукина № 710|XVII в., 4о, скоропись, 238 л.||
Летопись с легендарными известиями о Великом Новгороде.|ГИМ, А. Д. Черткова № I 1/42(?)|XVIII в., 2о, скоропись, 141 л. Завершается известием 7079 г. о разорении Новгорода Иваном Грозным.|Начало Великаго Новаграда и всего славенороссийскаго народа|
Выписки из Новгородской летописи|ГИМ, Музейское собр. № 2513|XVIII в., 4о, 87 л. ||
Из летописцев новгородских (о Луке Жидяте)|ГИМ, Музейское собр. № 3524|XIX в., 4о, 133 л. Сборник Силина № 9.  ||
Новгородская первая летопись|Берлинская королевская библиотека № 62|1о, скоропись, 169 л. Сведения о бытовании: Экслибрис «Ex Bibl. Meerman. Cod Phillipp. 1897. Bibliotheca Regia Berolinensis».||Verzeichniss der Meerman-Handscriften der Koniglichen Bibliothek zu Berlin. Берлин, 1892. № 1787. С. 20. 
Выписка из Новгородского Летописца|РНБ, собр. М. П. Погодина № 1953|4о, 153 л. Текст начинается с л. 89.  Нач.: «В лето 6497-го, крестися Владимир и взя у Фотея патриарха перваго митрополита Киеву Леона». Завершается известием о кончине Алексея Михайловича в 1676 г.|Выписано из Новогородского Летописца Антоньевского монастыря книги|Бычков А. Ф. Описание славянских и русских рукописных сборников Императорской публичной библиотеки. Вып. 1. СПб., 1878.С. 373. №LXXIII.
Краткий новгородский летописец.|РГБ, собр. Троице-Сергиева монастыря, III, № 805|XVII в., 4о, 536 л. Заглавие: «От начала Летописец, сведен вкратце Новугороцкой». Начало: «Иже Бог сотвори небо и землю и море и прочая, и бысть 1 день неделя».
Завершается известием за 1518 г. Далее следуют еще два известия за 7061 и 7075 гг.||Илларий (иером.) и Арсений (иером.). Описание славянских рукописей библиотеки Свято-Троицкой Сергиевой Лавры. Вып. III. М., 1879. С. 255. № 805. 
Повести древних лет|РГБ, собр. Иосифо-Волоколамского монастыря № 233 (659)|XVI в., 614 л. C л. 352. |Повести древних лет, яже содеяшася в великом Новегороде|Иосиф, иером. Опись рукописей, перенесенных из библиотеки Иосифова монастыря в библиотеку Московской духовной академии. М., 1882. С. 311. № 233 (659).
Новгородская III летопись||Завершается 6962 (1454) г. и по своему составу сходен с Новгородской III летописью|Книга, глаголемая летописецъ Великаго Новгорода|Викторов А.Е. Собрание рукописей И.Д. Беляева. М., 1881. С. 4.
Повести древних лет|РНБ, Q.XVII.15|XVI в., скоропись, 551 л.||
Новгородская IV летопись до 1477 г.|РНБ, собр. Фролова № 1.|XVI в., 289 л. ||
Летописный отрывок за 6899-6953 гг.|РНБ, собр. М. П. Погодина № 1596| 4, 206 л.||
Краткий Новгородский летописец за 1211-1611 гг.|РНБ, Q.XVII.77 |нач. XVIII в., 246 л.||
Записка некоторых событий, преимущественно новгородских за 6638(1130)-7014(1506) гг.|РНБ, Q.XVII.67 |XVII в., скоропись, 234 л. ||
О зачале Великого Новаграда и о иных многих родех и градех и как преже сего меновася Великий Новград||Леонтьевский сборник, XVII в., 4о, 149 лл., скоропись разных почерков.
|О зачале Великого Новаграда и о иных многих родех и градех и как преже сего меновася Великий Новград|Описание рукописей князя Павла Петровича Вяземского. 1902. (ОЛДП. Издания. № 119). № CCXIIIA. С. 390.
О зачале Великого Новаграда и о иных многих родех и градех и как преже сего меновася Великий Новград|собр. ОИДР № 189|Кон. XV в., 4о, скоропись разных почерков, 476 л.|О зачале Великого Новаграда и о иных многих родех и градех и как преже сего меновася Великий Новград|
Новгородская летопись |РГБ, собр. Н. П. Румянцева № 252|||Востоков А. Х. Описание русских и словенских рукописей Румянцевского музеума. СПб., 1842. 
Новгородская летопись |РГБ, собр. Н. П. Румянцева № 250|||Востоков А. Х. Описание русских и словенских рукописей Румянцевского музеума. СПб., 1842. 
Новгородская летопись |РГБ, собр. Н. П. Румянцева № 249|||Востоков А. Х. Описание русских и словенских рукописей Румянцевского музеума. СПб., 1842. 
Новгородская летопись |РГБ, собр. Н. П. Румянцева 248|||Востоков А. Х. Описание русских и словенских рукописей Румянцевского музеума. СПб., 1842. 
История о начале Русской земли|РНБ, собр. М. П. Погодина 1599|4о, 189 л. Нач.: «В лето от сотворения света 2244-го во второе же лето по потопе, по благословению Ноя праотца». Кон.: «Несть вам срама таковым покоритися и в поддани у сих быти. И возлюбиша».|История о начале Руския земли, и о здании Новагорода, и откуды влечашеся род словенских князей, а во иных гранографех сия повесть не обретается|Попов А. Изборник славянских и русских сочинений и статей, внесенных в хронографы русской редакции. Приложение к Обзору хронографов русской редакции. М., 1869. С. 442-447. 
Описание в Великом Новгороде и в Новгородской епархии чудотворцев|РНБ, Q.XVII.77|XVIII в. 246 л. Скоропись||
Краткая записка о построении в Новгороде церквей, поставлении архиереев и т.п. с 6490 (982) по 7207 (1699) год.|РНБ, Q.XVII.77|XVIII в. 246 л. Скоропись. ||
Летописец о епископах и архиепископах и митрополитах Новгородских и о создании св. Софии, иже в Великом Новеграде|ГИМ, собр. Уварова, IV, № 1812 (541)|Сборник, XVII в., 4о, скоропись крупная, 147 л. Перечень митрополитов завершается на Киприане.|Летописец о епископах и архиепископах и митрополитах Новгородских и о создании св. Софии, иже в Великом Новеграде. |Леонид (Кавелин). Систематическое описание славяно-российских рукописей собрания А. С. Уварова. Т. 4. М., 1894. № 1812 (541). С. 115.
Новгородский летописец с 862 г. по 1674 г. |РНБ, собр. А. А. Титова № 3250|XVIII в., скоропись, 188 л. ||Титов А. А. Охранный каталог славяно-русских рукописей А. А. Титова. Вып. 4. № 3250. С. 51. 
Новгородский летописец |РНБ, собр. А. А. Титова № 3217|XVIII в., 4о, скоропись, 124 л.||Титов А. А. Охранный каталог славяно-русских рукописей А. А. Титова. Вып. 4. № 3217. С. 48. 
Летописец новгородского Софийского собора||XIX в. (1823 г.), 4о, скоропись, 6 л.||Уваров. III. № 1727 (100). С. 295
Краткий летописец новгородских церквей||1767 г., 1о|Книга, глаголемая Летописец Новгородский вкратце церквам Божиим, в которое лето которая церковь во имя строена и при котором епископе, или архиепископе, или митрополите, и в котором годе который епископ, или архиепископ, или митрополит поставлены быша и при случае в котором годе какие были в Великом Новгороде и в пригородех, и то в сем летописце зри обрящеши.|Калайдович К., Строев П. Обстоятельное описание славяно-российских рукописей, хранящихся в библиотеке тайного советника, сенатора, двора его императорского величества действительного каммергера и кавалера графа Ф. А. Толстова. М., 1825.  Отд. II. № 189. Л. 62 и № 415, л. 115.  
Петров Н. Рукописи музея. Ч. 1. № 215 (I.V. 100). С. 159. 

Краткий летописец новгородских церквей|РНБ, F.IV.623|XVIII в., скоропись, 168 л.  В начале на л. 2-19 помещена выписка из Синопсиса, под заглавием: «Выписано из Истории Киевския, зачало великому Новуграду». 
|Книга, глаголемая летописец новгородской вкратце церквам Божиим|Отчет Императорской публичной библиотеки за 1880 год. С. 21. 
Новгородский краткий летописец|РГБ, собр. Троице-Сергиева монастыря № 805 (1901)|Сборник, нач. XVII в., 4о, скоропись, 536 л. Нач.: «Искони Бог сотвори небо и землю, и море, и прочая, и бысть 1 день неделя. И рече и бысть свет. 2 день понедельник. Воды потекоша. 3 день вторник. Землю и древо и траву. 4 день в среду Бог сверже с небеси сотону и сотвори солнце и месяцъ и звезды».||
Летописец новгородский |РГБ, собр. Н. П. Румянцева № 250|XVIII в., 4о, скоропись, 326 л.||Востоков А. Х. Описание русских и словенских рукописей Румянцевского музеума. СПб., 1842. С. 353.
Летописец новгородский||XVIII в., 1о, скоропись, 192 л. ||Леонид (Кавелин). Систематическое описание славяно-российских рукописей собрания А. С. Уварова. Т. 3. М., 1894. № 1402 (34). С. 36.
Летописец новогородский с 6497 (989)-7059 (1551) гг.|РНБ, Q.IV. 213| XVIII в, 4о, скоропись, 89 л. С 81-го листа идет статья: «О архиепископах Новгородских» с 6496 (988) года по 7059 (1551) год||Отчет Императорской публичной библиотеки за 1867 г. С. 56.
О великом княжении первом Ноугородском|РГБ, собр. Ундольского № 576|Сборник XVI в., 4о, 52 л. Нач.: «Въ лето 6000 прииде отъ Прусьскиа земля въ Новгородъ князь, именемъ Рюрикъ».||
Викторов А. Е. Собрание славяно-русских рукописей В. М. Ундольского. М., 1870. Стб.451.
Новгородская вторая летопись до 1587 г. |РГАДА, МГАМИД № 62/85. |XVI в., 4о, скоропись, 181 л. ||Изд. ПСРЛ. Т. 3.
Летописец Русский, содержащий более происшествия Великого Новгорода|РГБ, собр. Н. П. Румянцева № 249|||Востоков А. Х. Описание русских и словенских рукописей Румянцевского музеума. СПб., 1842. CCXLIX. С. 350.
Краткий летописец Новгородских церквей|РНБ, Q.IV.78| Нач. XVIII в., скоропись, 164 л. Текст завершается 1716 г.|Летописец новгородский, вкратце, церквам Божиим, в которое лето и которая церковь во имя строена и при котором епископе, или архиепископе или митрополите; и в котором годе кой епископ, или архиепископ, или митроплит поставлен бысть; и какие времена и лета быша и прилучаи в котором годе какие были в Великом НОвеграе и в пригородех. |
Краткий летописец новгородских церквей||XVIII в., 4о, скоропись времени Петра I, 162 л.|Книга, глаголемая Летописец Новгородский вкратце церквам Божиим, в которое лето которая церковь во имя чие построена|Викторов А. Е. Описи рукописных собраний в книгохранилищах Северной России. Издание Археографической комиссии. СПб., 1890. С. 335. 
Летопись о новгородских епископах, архиепископах и митрополитах, с 6496 по 7143 г. |Антониев Сийский монастырь № 232 (1920)|Сборник, XVII в., 4о, скоропись и полуустав разных почерков, 419 лл. ||Викторов А. Е. Описи рукописных собраний в книгохранилищах Северной России. Издание Археографической комиссии. СПб., 1890. С. 109.
Летопись новгородская до 1477 г.|РНБ, собр. М. П. Погодина № 2035|2о, 309 л., полуустав.  Содержание:
Л. 114 об. – О побоищи Новгородцемь с Ярославом в лhто 6724 марта въ 1 день въ вторникъ. Нач.: «Поиде князь Мьстиславъ с новгородци на зять свой на Ярослава».
Л. 136 – Батиево побоище. Нач.: «Тоя же зимы приидоша съ восточныя страны безбожныя тотарове».
Л. 209 – О побоищи иже на Воже реце. Нач.: «Ордынский князь поганый Мамай посла бhшча ратью на Дмитрия князя Московьскаго».
Л. 210 об. – Того же о побоищи, иже на Дону и о том, князь великии како бился съ ордою. Нач.: «Тои же осени прииде ордыньскии князь Мамай с единомысленики своими».
Л. 222 об. – «О пленении и о прихождении Тахтамыа царя и о Московьском взятьи». Нач.: «Бысть некое проявение по мнозии нощи, являшася таковое знамение на небеси на востоце».
Л. 248-249 об. – 6000 от 6 <юс малый> 3. Нач.: «При патриарсе Антонии при цари Мануиле. Се азъ дьяконъ Алендръ приходихомъ куплею въ град и приидохом поклонишися въ святую Софею». 
Л. 250 – О смоленьском плhнении и о том, како Витовтъ облесть сътвори над ними. Нач.: «Той осени князь Витовтъ Литовьский събравъ около себh силу литовьскую и поиде ратью».
Л. 254 – Слово о том, како бился Витовтъ с Ордою съ царемь Темир-Кутлуем и[н]дикта в 8. Нач.:»И князь великии и Витовтъ Кестутьевичь Литовьскии  Воялшогы вкупеже с ни».
Л. 255 об. – О преставлении князя Тферьскаго. Нач.: «Егда единого видhвь пришлець великого града изрядно стояние, что убо хощет рещи о немъ, но токмо же в себе видhнию дhвишися».
Л. 265 об. – «Месяца септевриа въ 16 день. Преставися Киприанъ митрополитъ Киевьскыи и всея Руси, а былъ в митрополитех…»;
Л. 272 – 6917 г. Нач.: «Преставися князь во Пскове, а Тимофhи посадникъ в Ноhгородh и посадникъ Есифъ Захарьиничь. Благодите убо братья здh и кужда. О Христh Иисусh Господh нашемъ Богъ щедротамъ благыи человеколюбець Спасъ всимъ приходящим к нему вhрою».
Л. 280 – «О томъ же Григории митрополит Фотий рускии писа, яко жъ мятежник церковный, зовется митрополитомъ киевскимъ».
Л. 288 – «Того же лhта бысть вода велми велика в Волховh и Спасе 20 городенъ великого мосту месяца априля 21. Слышахом от древних повhдающе писании, паче же извhстных внимахомъ почитающе старыя лhтописци о нашествии водномъ»
||
||||
Краткий Новгородский летописец до 1719 г. с позднейшими приписками до 1756 г. |РГБ, собр. В. М. Ундольского № 1232 |XVIII в. (время Петра I), 4о, полуустав, 17 л.||Викторов А.Е. Собрание славяно-русских рукописей В.М. Ундольского. М., 1870. С. 22.
Летописец Новгородский Иоанна Попа с продолжением до 1442 г.|РГБ, собр. М. П. Румянцева № 248|Копия, снятая для графа Н. П. Румянцева с рукописи, принадлежавшей англичанину Сир Филипсу, купленной последним на аукционе в Голландии.||Востоков А. Х. Описание русских и словенских рукописей Румянцевского музеума. СПб., 1842. C. 340.
Летопись Новгородская. |собр. Археографической комиссии № 28. |Скоропись, XVIII в., 4о, 203 л. Принадлежала коллежскому советнику Евдокиму Колобову. ||Барсуков Н. П. Рукописи Археографической комиссии. 1882. С. 12.
Летопись Новгородская до 1674 г.|собр. Археографической комиссии № 27|Полуустав, XVIII в., 4, 336 л. Поступила от корреспондента Надеждина. Содержание:
Л. 1. Выписана из история Киевския. Зачало Великому Новуграду;
Л. 8. Писание Александра царя Македонскаго;
Л. 11 об. – Первое запустение Славенску; 
Л. 12 об. – Второе запустение Славенску.
Л. 17 об. – Повесть о великом князе Данииле Александровиче Московском, и о зачале Московскаго государства.
Л. 33 – О церквах каменных, в кое время строены в Великом Новеграде и кто их строил. 
||Барсуков Н. П. Рукописи Археографической комиссии. 1882. С. 12. 
Летописец Новгородский хутынского заштатного служителя Тараса Рулина|собр. Археографической комиссии № 29. |Скоропись XVIII в., 4о, 68 л. Содержание:
Л. 1 об. – В начале: «Побеждаются естества в тебе, дево чистая». Летописец. Месяца сентября дня. Вписана История Киевския зачало Великому Новуграду. Нач.: «В лето от создания мира 2244 году, во второе же лето по потопе, по благословению Ноя праотца, разделися вся вселеная на три части» (Попов, Изборник Славянских и Русских сочинений и статей, внесенных в Хронографы Русской редакции. М., 1869. С. 442).
Л. 9 – Книга, глаголемая Летописец Новгородский вкратце и церквам Божиим, в которое лето и которая церковь во имя строена и при котором епископе и архиепископе или митрополите, и в котором городе кто епископ или архиепископ или митрополит поставлен бысть, и какие времена и лета быша и прилучаи в котором годе какие были в Великом  Новгороде и пригородех, и то в сем летописце чтый и обрящет по главам по листам (Быков, Новгородские етописи. СПб., 1879. С. 172).
Л. 34 – Выписано из летописца вкратце Московских князей и бояр, и приезжих князей и бояр и разных государств и дворян, и детей боярских и приезжих и Московских родов. 
Л. 48 – Список с Новгородской писцовой книги Димитрия Китаева 27 погостам.
Л. 53 об. – Список головам стрелецким и сотникам, составленный в 1643 году.
Л. 55 об. – Детям боярским
Л. 58 об. – Патриаршие дети боярские
Л. 61 – Роспись, кто в которых годех были в губных старостах и пр. 
|Летописец Новгородский, а в нем пишет, что было в Новегороде и какие приключения. Сия повесть Новгородского Хутыня монастыря заштатного служителя Тараса Рулина. Аще кто всякую Божественную повесть с желанием читает, то дадутся ему духовныя уши|Барсуков Н. П. Рукописи Археографической комиссии. 1882.
Нежинский летописец|Нежинский институт № 34|Сборник, XVIII в., 4о, скоропись, 165 л. Водяной знак: Лихачев 578-80 (1741-45 гг.). Текст Нежинского летописца на л. 146 об.-165. ||Сперанский М. Н. Описание рукописей библиотеки Историко-филологического института князя Безборотко в г. Нежине. Нежин, 1900. С. 71. № 34. 
Текст опубликован на с. 71-79 данного издания.

Фрагмент Псковской летописи за 6899-6953 гг.|РНБ, собр. М. П. Погодина № 1596|||Бычков А. Ф. Описание церковно славянских и русских рукописных сборников Императорской Публичной библиотеки. Ч. I. СПб., 1882. С. 287. № LIX.
Псковская летопись|собр. Археографической комиссии № 252.|4, 763 л., скоропись XVII в., Записи: «Продал сию книгу дому тайного советника Якова Феодоровича Долгорукова человек его Михаила Микулин … 1719 года».
Принадлежала М. А. Оболенскому, а затем Археографической комиссии (№ 252), которая пользовалась ею при издании прибавлений к Псковским летописям, но не была использована при издании Псковской I летописи. 
||Изд.: ПСРЛ. Т. V. С. 49 (текст издан частично).
Описание: Сидоров Н. И. Рукописи Императорской Археографической комиссии. Первое прибавление. // ЛЗАК. СПб., 1907. Вып. XVII. С. 32. № 252.

Псковская летопись|РГАДА, МГАМИД № 447/915. |4о, 146 л., полуустав, переходящий в скоропись. Записи: л. 1: «Книга сия о начале княжении Руския земля столника Василия Никифоровича Сабакина, труды Козины»; по листам: «Книга летописец перечневой Василья Микифоровича Сабакина».||Издания: ПСРЛ. Т. V. С. 49. Была использована Археографической комиссией при издании Прибавлений ко II Псковской летописи, но не была принята во вниманиепри печатании I Псковской летописи. 
Летописные известия по истории Пскова.||Сборник, XVIII в., 4о, 422 л. скоропись разных рук. Л. 30 об. Ис книги Летописца или Кронника Российскаго о зачале града Пскова. Нач.: В лето 6470 прииде великая княгиня Елена в землю Псковскую. Л. 31. В лето 7017 бысть пожар во граде Пскове. 
||Описание рукописей князя Павла Петровича Вяземского. 1902. (ОЛДП. Издания. № 119). № CCXLI. C. 423.
Псковская летопись («Хроник Псковский»)|ГИМ, собр. И. Е. Забелина № 460|17 в||Сперанский М.Н. Собрание рукописей И.Е.Забелина. //Отчет ГИМ за 1916-1925 гг. Прилож. II. С. 18. 
Летописец Псковский, в новом списке с Эрмитажного|РГБ, собр. В. М. Ундольского № 1195|89 л.||Викторов А.Е. Собрание славяно-русских рукописей В.М. Ундольского. М., 1870. С. 22. 
Псковская краткая летопись (1164-1615 гг.)|собр. И. Н. Царского № 714|Текст летописи на л. 550-563.||Строев П. Рукописи славянские российские, принадлежащие И. Н. Царскому. М., 1848. С. 765. № 714; Иконников В. С. Опыт русской историографии. Т. 2. Ч. 1.Киев, 1908.С. 848. Примеч. 4; 
Псковская летопись до 1650 г.|ГИМ, собр. А. С. Уварова. № 1403|||Леонид (Кавелин). Систематическое описание славяно-российских рукописей собрания А. С. Уварова. Т. 3. М., 1894. С. 87. № 1493 (3).
Летописец русский|ГИМ, собр. А. С. Уварова № 1399 |1о, 184 л., скоропись XVIII в. Русские события начинаются от основания Новгорода; до 1570 г. выписаны из Летописей преимущественно события Новгородские и Псковские: от 1570 до 1603 г. события Московские, а с 1603 г. и до конца – опять северные новгородские и псковские. ||Леонид (Кавелин). Систематическое описание славяно-российских рукописей собрания А. С. Уварова. Т. 3. М., 1894. С. 85. № 1399 (2).
Псковская летопись|РНБ, собр. П. Н. Тиханова № 201. |кон. XVI в.||Отчет Императорской публичной библиотеки за 1907 г. СПб., 1914. С. 40. 
Псковская летопись|собр. Типографской библиотеки № 1179|Нач. XVIII в., 1о, 179 л.|Книга, глаголемая летописец, имать в себе сказание пространное о языце словенстем и откуду начало имать русская земля и о великих князех и самодержцех, како и откуду быша и о преложении киг с греческаго языка на словенский язык и о крещении русския земли и о прочих содеяных в древния времена|
Летописец Псковский до 1547 г.||Местонахождения рукописи не известно. П. М. Строев сообщает о ней: «В Холмогорах в соборном архиве № 33 (в л., полууставом XVI в., 354 л.) Летописец Псковский, оканчивающийся 7055 (1547) годом».||Строев, П.М. Библиологический словарь и черновые к нему материалы / под ред. А.Ф. Бычкова. СПб., 1882. С. 360. 
Казанский летописец|РГАДА,собр. МГАМИД № 51 |XVII в., 203 л. Текст Казанского летописца расположен на л. 147-203 и состоит из 79 глав.|Сия книга история Казанская, и Сибирская, и Псковская преосвященного Афанасия, архиепископа Колмогорскаго и Важеского келейная|Кунцевич Г.З. История о Казанском царстве или Казанский летописец. СПб., 1905. С. 128; 2) Верюжский В. Афанасий, архиепископ Холмогорский, его жизнь и труды. СПб., 1908. С. 587.  
История Псковская вкратце во дни царя Иоанна Васильевича.||||
О взятии Сибирском при царе Иоанне Васильевиче. |РГАДА,МГАМИД № 51 |Текст расположен на л. 141-147.|О взятии Сибирском при царе Иоанне Васильевиче. |Кунцевич Г.З. История о Казанском царстве или Казанский летописец. СПб., 1905. С. 128; 2) Верюжский В. Афанасий, архиепископ Холмогорский, его жизнь и труды. СПб., 1908. С. 587.
Псковская летопись|ГИМ, собр. А. С. Уварова № 1403|||Леонид (Кавелин). Систематическое описание славяно-российских рукописей собрания А. С. Уварова. Т. 3. М., 1894. № 1403. С. 87
Псковская летопись, краткая (1164-1615 гг.)|ГИМ, собр. А. С. Уварова № 1495 (752)(714)|Разрядная книга, 4о,  скоропись разных почерков, 549 л. Текст Псковской краткой летописи находится на л. 550-630.||
Псковская летопись за 862-1462 гг. |Казанский университет № 27850/75 III 32. |1о, 156 л.||Список рукописей и редких книг, хранящихся при Библиотеке Императорского Казанского Университета в особом помещении. На 1-е декабря 1903 года. Казань, 1904. С. 14. 
Псковская вторая летопись («Сокращенный летописец до1447 года»)|Московская Синодальная библиотека № 154.|Нач. XVI в., 1о, 307 л., текст написан в два столбца. Текст Псковской второй летописи расположен на л. 157-225. ||Библиография: Строев П. М. Библиологический словарь. С. 361; Оболенский М. А. Супрасльская рукопись… М., 1836. С. 159-161. Издания: ПСРЛ. Т. V. С. 1-46; Погодин М. П. Псковская летопись. М., 1837. (по данному списку у М. П. Погодина приведены варианты к основному по тексту); Иванов Н. Краткий обзор русских временников, находящихся в библиотеках Санкт-Петербургских и Московских. Казань, 1843. С. 20 (под названием «Синодальный I»).
