Отрывок из Барония|ГИМ, Музейское собр. № 1588|Сборник, XVIII в., 4о (вторая полов.)||
Бытие от Адама до Давида||XVII в., 130 л., скоропись. Библейская история за указанный в наименовании период.||Калайдович К., Строев П. Обстоятельное описание славяно-российских рукописей, хранящихся в библиотеке тайного советника, сенатора, двора его императорского величества действительного каммергера и кавалера графа Ф. А. Толстова. М., 1825.  Приб. III. № 3. С
Хронограф Пахомия|РГБ, собр. И. Д. Беляева № 2 (1507)|XVII в., 2о, 595 л., скоропись. Л. 2: "1700-го году, сентября в 28 день, продал сию книгу Хронограв канюшей слабоды Семен Зиновьев зачисто и потписал своею рукою". Завершается известием о смерти Дмитрия Алексеевича. Далее написана притча: "Стоит царь на т|Хронограф от сотворения мира до разрушения Константинополя и Летопищик вкратце о Русской земле, Пахомия|Викторов А.Е. Собрание рукописей И.Д. Беляева. М., 1881. С. 2-3.
Летопись архиепископа Пахомия|РНБ, F.IV.351|XVIII в., 2о, 129 л. XVIII в., скоропись. Изложение событий идет с 7106 г. по 7158 г. включительно, до кончины Дмитрия Алексеевича. С л. 94 об. идет повесть о стрелецком восстании 1682 г., начинающаяся предречением Симеона Полоцкого о рождении Петра Велик||Отчет Императорской публичной библиотеки за 1867 г. С. 98-99.
Отрывок из Плутарха|ГИМ, Музейское собр. № 1588|Сборник, вторая половина XVIII в., 4о, 37 л.||
Летописец вскоре патриарха Никифора|РНБ, собр. М. П. Погодина № 237|Кормчая, XVII в., 1о, скоропись, 877 л. Текст Летописца Патриарха Никифора расположена на л. 851 об.-858. Нач. "Адам первый человек бысть лет 230…"; кон.: "Борис Ростовский княжи лет 40 и умре в татарех и седоста в Ростове сынове его Дмитреи и Констянтин,|Летописец вскоре Никифора патриарха Царяграда|
Летописец вскоре патриарха Никифора|РНБ, собр. Погодина № 233|Кормчая, XVII в., 1о, скоропись. 778 л. Текст Летописца Патриарха Никифора расположен на л. 754-750 об. Список идентичен списку в рукописи РНБ, собр. М. П. Погодина № 237.||
Летописец вскоре патриарха Никифора||Сборник статей канонического и богословского содержания, XVII в. 4о, полуустав, 406 л. Текст начинается на л. 388. Идентичен списку в рукописи РНБ, собр. М. П. Погодина № 237||Леонид. Рукописи Московской Академии. Вып. II. № 8(195). С. 293
Летописец вскоре патриарха Никифора||Палея историческая с прибавлениями, 4о, 350 л., разных почерков и разного времени. Текст расположен на л. 291-298. Без окончания.|Святаго отца нашего Никифора архиепископа Константина града летописание вкратце от Адама до Михаила и Феофила|Описание рукописей Соловецкого монастыря, находящихся в библиотеке Казанской духовной академии. Ч. II. № 434 (866). С. 93.
Летописец вскоре патриарха Никифора|РГБ, собр. Н. С. Тихонравова № 210|XVII в., 4о. Текст расположен на л. 66-101. ||Георгиевский Г.П. Императорский Московский и Румянцевский Музей. Собрание H.С. Тихонравова. I. Рукописи. М., 1913. С. 31
Летописец вскоре патриарха Никифора|Московский публ. Муз. № 632|Азбуковник старой редакции, XVII в., 4о, 184 л. Текст расположен на л. 179-184. ||Викторов А. Е. Каталог славяно-русских рукописей, приобретенных московским публичным и Румянцевским музеем в 1868 г. после Д. В. Пискарева. М., 1871.  С. 56. № 197
Летописец вскоре патриарха Никифора|РГБ, собр. Троице-Сергиева монастыря № 188 (1576)|Нила Сорского книга с прибавлениями, XVI в., 4о, 285 л. Текст начинается с л. 275.  Русские события доведены до 1542 г. Кон.: "Того же лета (7050) июля 27 приходил кримскый царь, а с ним князь Семен Белской и бой был под белыми колодязи".|Никифора патриарха Цариграда Летописец вкратце изложен|Илларий (иером.) и Арсений (иером.). Описание славянских рукописей библиотеки Свято-Троицкой Сергиевой Лавры.Вып. I. С. 184
Летописец вскоре патриарха Никифора|БАН, 45.11.16|Никифоровский сборник, XV в. (с дополнениями 16. 1 и 18 вв.), 4о, 351 л.  Текст начинается с л. 204. Нач.: "Адам 1 человек быв лет 230 роди Сифа и живе лет 800". |Временник великих царств, отколе кое царство пошло, и руское княжение… Святаго отца нашего Никифра патриарха Коньстянтинаград летописец вскоре|Срезневский В. И. Сведения о рукописях, печатных изданиях и других предметах, поступивших в Рукописное отделение Библиотеки Императорской Академии наук. СПб., 1902. С. 13-14.
Краткая всеобщая история в вопросах и ответах|РГБ, собр. И. Д. Беляева № 53 (1560)|XVIII в., 4о, 82 л., скоропись. Начинается введением под заглавием: "Краткое введение в историю фундаментальную. Предуготовление. 1. Что есть история? История есть учение всех случившихся в свете достопамятных приключений"… В следующей за тем, 1-й главе, ||Викторов А.Е. Собрание рукописей И.Д. Беляева. М., 1881. С. 37.
История Скифская|Антониев Сийский монастырь. Викторов. № 82 (1729)|XVIII в. (время Петра I), 2о, 250 л., скоропись. ||Викторов А. Е. Описи рукописных собраний в книгохранилищах Северной России. Издание Археографической комиссии. СПб., 1890. С. 84.
История всеобщая |собр. П. Й. Шафарика № 12|Сборник, XVI в., 12о, 190 л. л. 130 об.: "О кесари нерожденем. Римьскые вещи правими беху прежде от ипата 364 лета… кесарь же глаголется по нашему слову изрезань".||Сперанский М. Н. Рукописи Павла Иосифа Шафарика (ныне музея королевства чешского) в Праге. М., 1894. С. 50.
Отрывок из Еллинского летописца|Венская придворная библ. 152 (88)|Сборник (цветник), XVII в., 4о, 284 л., русский язык. Отрывки из Еллинского летописца начинаются с л. 54: О фисте, яко той первие нача ковати бранное оружие; о филисте; о петисоне фараоне; о сионе царе и о Господе; о вретании или о аглинской земли; о римс||Яцимирский, А.И. Описание южнославянских и русских рукописей заграничных библиотек. Т. 1. Вена, Берлин, Дрезден, Лейпциг, Мюнхен, Прага, Любляна / А.И. Яцимирский. Пг., 1921. (Сборник Отделения русского языка и словесности Российской академии наук ; т. 98
Хронограф русский|РНБ, собр. М. П. Погодина № 1319|2о, XVII в. (1606-1607 гг.), 843+II+I лл. Завершается взятием Константинополя. ||
О отцех слово от истории||Текст начинается с л. 948. Нач. В Александрии же Афанасию Великому и Богом венчанному многы труды зде въсприимшу.|О оцех слово от историа. В лето неже царствова Иоуль царь|Подробное оглавление ВМЧ. Стб. 282.
О суде царей египетских|Венская придворная библ. 152 (88)|Сборник (цветник), конец XVII в., 4о, 284 л. Текст начинается с л. 53. Нач. "Суд царей египетских таков был, кому с кем судитися, и он прежде истецъ подасть судии исковую роспись". |О суде царей египетских и о народном обычае|Яцимирский, А.И. Описание южнославянских и русских рукописей заграничных библиотек. Т. 1. Вена, Берлин, Дрезден, Лейпциг, Мюнхен, Прага, Любляна / А.И. Яцимирский. Пг., 1921. (Сборник Отделения русского языка и словесности Российской академии наук ; т. 98
Отрывок из Хроники Георгия Амартола |РГБ, собр. Троице-Сергиева монастыря № 770 (1554)|Сборник,  XVI в., 4о, 429 л. Текст начинается с л. 249 об. Нач.: "По Гайе же царствова Каудий лет 13".|О Клавдии цари и о посничьском боголюбивем жительстве, како и откуду бысть|Илларий (иером.) и Арсений (иером.). Описание славянских рукописей библиотеки Свято-Троицкой Сергиевой Лавры. Вып. III. С. 188.
О римском цесаре Константине Флоре||Сборник, начала XVIII в., 8о, 85 л. Текст начинается с л. 56. ||Калайдович К., Строев П. Обстоятельное описание славяно-российских рукописей, хранящихся в библиотеке тайного советника, сенатора, двора его императорского величества действительного каммергера и кавалера графа Ф. А. Толстова. М., 1825.  Приб. III. № 20. 
О поставлении царя Мануила на царство|Q.I.214|Сборник, XVI  в., 4о, 586 л. Текст начинается с л. 413. ||Калайдович К., Строев П. Обстоятельное описание славяно-российских рукописей, хранящихся в библиотеке тайного советника, сенатора, двора его императорского величества действительного каммергера и кавалера графа Ф. А. Толстова. М., 1825.  Приб. II. № 12. С
Отрывок из Петешествия дьякона Игнатия (О поставлении царя Мануила на царство)|БАН, 4.3.15|Сборник нач. XVI в., 4о, 390 л., полуустав. Текст начинается с л. 77 об., не имеет окончания. Обрывается на словах: "изведшу же ему из церькви осыпаша его ставратами; народи жепохваташа кождо руками своими".|О венчании царя греческаго и с царицею на царство, иже в Цариграде|
Известие о смерти римского императора Карла VII |РНБ, Q.XVII.19|Сборник, 62 л. Текст начинается с л. 55. |Последние Римскаго Императора воздыхании|Калайдович К., Строев П. Обстоятельное описание славяно-российских рукописей, хранящихся в библиотеке тайного советника, сенатора, двора его императорского величества действительного каммергера и кавалера графа Ф. А. Толстова. М., 1825. № 35. С. 668
Хронограф|РГБ, собр. Иосифо-Волоколамского монастыря № 226 (650)|История всеобщая (хронограф), с прибавлениями, XVI в., 1о, 262 л.|Летописец от Бытьи о створении мира и от прочих книг Моисеовых, и от Иисуса Наввина и от судей Иудейскых, и от четырех царств, и от Асирийскых царей и от Александриа и от имскых царей Еллин е и лагочестивых, и от Русскых летописец и Серпьскых и Больгарскы|Иосиф, иером. Опись рукописей перенесенных из библиотеки Иосифова монастыря в библиотеку Московской Духовной академии М., 1882. С. 293
Летописец вкратце с описанием событий всемирной истории|РГБ, собр. Иосифо-Волоколамского монастыря № 235 (661)|Сборник, XVI в., 12о, 466 л. Текст Летописца начинается с л. 84. Включает в себя описание событий истории Греции и Рима, а также начало изложения русской истории.|Летописец вкратце о распятии Христове и о воскресении и о вознесении на небеса, и о царех по възнесении Христове, и о великомученицех, и святителехи преподобных великых отцех, вкратце речено бысть|Иосиф, иером. Опись рукописей перенесенных из библиотеки Иосифова монастыря в библиотеку Московской Духовной академии М., 1882. С. 314
История царей римских|РГБ, собр. Иосифо-Волоколамского монастыря № 148|Сборник, XVI в., 4о, 180 л. Текст расположен на л. 111 об.-180, начинается и царствования Анастасия и завершается царствованием Валента, включает в себя жития некоторых святых (полные тексты и отрывки), а также два слова Василия Великого (оба краткие).||Иосиф, иером. Опись рукописей перенесенных из библиотеки Иосифова монастыря в библиотеку Московской Духовной академии М., 1882. С. 138.
Первое извопрошание о галатех|Великие минеи четьи |Текст начинается с л. 742. Нач.: "Диоклитиану же царствующу и в первое царство лето царствиа много творящу о кумирех. Январь, 25 день".||Подробное оглавление ВМЧ. Стб. 415
Слово о трусе, бывшем в Антиохии|Великие минеи четьи |Текст начинается с л. 57. Нач.: "В царство Иустина великаго бысть в Антиохии, аки трус велик в чяс един. Апрель, 5-й день".|Слово о трусе, бывшем в Антиохии, да и мы слышаще покаяние приимем|Подробное оглавление ВМЧ. Стб. 68-69
Память освящению храма Иисуса Христа|Великие минеи четьи |Текст начинается с л. 28 об. Нач.: "Леты многыми словесы матери златы пленица преизящному граду. В сказании указываются храмоздатели: явленыи во царих священик превеликии Господинь Иоан с царицею любезным супругомь... создателницю же царицю Ксению". Ксени|Память священию царьскаго и божественаго храма вседержителя Спаса Христа Бога нашего|Подробное оглавление ВМЧ. Стб. 402
Начало принесения мощей апостола Стефана в Константинополь|Великие минеи четьи |л. 61 об. Нач.: "Позде же бывши прииде Иулиянеа ко архиепископу Кирилу. 2 августа".|Начало принесениа мощей святаго апостола Стефана в Царьград|Подробное оглавление ВМЧ. Стб. 399. 
Память помощи христианом в Константинополе на персов и варваров|Великие минеи четьи |Текст начинается с л. 113. Нач.: "В лета Ираклиа царя греческаго Хоздрои царь перскии посла Варвара воеводу своего... 7 августа".|Память творимь данеи от Бога помощи христианомь в Констянтинеграде на безбожныа персы и варвары, нашедшимь же по суху и по морю, от них же ны избави Гсопоь Богъ нашь, молитвами пречистыа владычица нашея Богородица приснодевица Мариа|Подробное оглавление ВМЧ. Стб. 404-405.
Память возвращению Агарян при царе Льве|Великие минеи четьи |Текст начинается с л. 208. Нач.: "В безбожных агарянех сице есть рассилнев срачинскый язык. 16 августа".|Память творим Божиа человеколюбиа, егда возврати со студом безбожныя агаряны при Лве царе|Подробное оглавление ВМЧ. Стб. 415.
Воспоминание церкви Богородицы в Неории|Великие минеи четьи |Текст начинается на л. 1176. Нач.: "Во дни Михаила и Феодоры благочестивым и православнымь царем. Чудо 1. Жена некаа не от нарочитых в лют недуг впадши". Л. 1176 об.: "Чюдо 2. Нач. Антоние же некоторый мних от обители галавриискыа. 31 августа"|Воспоминание церкви пресвятыа Богородица в Неории|Подробное оглавление ВМЧ. Стб. 446.
Воспоминание великого труса в царство Феодосия Малого|Великие минеи четьи |Текст начинается с л. 684 об. Нач.: "Бысть Трус страшен и сего ради всем людем с царем Феодосием. Сентябрь 25-й день".|Великаго труса в царство Феодосия Малаго|Подробное оглавление ВМЧ. Стб. 57
Память великого труса|Великие минеи четьи |Текст начинается на л. 836. Нач.: "В двадесято и четвертое лето царства Лва Исавра…".||Подробное оглавление ВМЧ. Стб. 117.
Словоо крестившемся сарацине|Великие минеи четьи |Текст начинается на л. 1210 об. . Нач.: "Поведашеть улас в диосполии граде створившееся чюдо".|Слово о сороцинине, крестившемся от видениа в церкви святаго Георгиа|Подробное оглавление ВМЧ. Стб. 205-206.
Отрывок Истории Иудейской войны Иосифа Флавия (со сведениями о Иоанне Предтечи и о Христе)|РГБ, собр. Иосифо-Волоколамского монастыря № 191 (583)|Сборник из 16 отрывков, XVI и XVII вв., 8о, 415 л. Текст отрывка начинается с л. 24.|Сие слово збрано от Иосипова списаниа Евреина, иже о пленении Еросалимском списа, в нем же поведает о Иване Предтечи и о Христе|Иосиф, иером. Опись рукописей перенесенных из библиотеки Иосифова монастыря в библиотеку Московской Духовной академии М., 1882. С. 236.
Отрывок Истории Иудейской войны Иосифа Флавия |РНБ, Q.XVII.103|Сборник, 65 л., скоропись. Текст отрывка начинается на л. 38.|О знамении еже о пустении Иерусалима от писания Иосипа Евреина|
Отрывок Истории Иудейской войны Иосифа Флавия|РГБ, собр. Иосифо-Волоколамского монастыря 120 (452)|Творения Исаака Сирина с прибавлениями, начало XVI в., 4о, 403 л. Текст отрывка начинается на л. 399.|Премудрость Иосипа, иже от еврей бывшаг. Нач. Трои бо чин законный есть в Июдеих, единому имя Фарисеи|Иосиф, иером. Опись рукописей перенесенных из библиотеки Иосифова монастыря в библиотеку Московской Духовной академии М., 1882. С. 78.
Летописец вскоре патриарха Никифора|ГИМ, Музейское собр. № 2502|Сборник исторический, XVIII в., 4о, 583 и 1 л. Текст завершается 6933 г.||
Герберштейн Сигизмунд. Записки о Московии|собр. Археографической комиссии № 10|1843 г., 1о, 388 с., скоропись. Перевод с латинского издания Опорина, напечатанного в Базеле в 1556 г.||Барсуков Н. П. Рукописи Археографической комиссии. 1882. С. 3-4.
Трейер Г. С. История Московская или Российская (перевод Паутина)|РГБ, собр. И. Д. Беляевева № 14 (1522)|||Викторов А.Е. Собрание рукописей И.Д. Беляева. М., 1881. С. 11-12.
Гваньини А. История Сарматии||||Калайдович К., Строев П. Обстоятельное описание славяно-российских рукописей, хранящихся в библиотеке тайного советника, сенатора, двора его императорского величества действительного каммергера и кавалера графа Ф. А. Толстова. М., 1825.  № 287. С. 446.
Хроника Мартина Бельского|Антониев Сийский монастырь. Викторов. 81|XVII в., 2о, 500 л., скоропись. Вкладная запись: "Лета 7201 сентября 20, дому великаго господина всесвятейшаго кир Адриана, архиепископа Московскаго и всея Русии патриарха, казначей старец Паисий Сийской сию книгу, рекомую Кроника с прилежным молением пре||Викторов А. Е. Описи рукописных собраний в книгохранилищах Северной России. Издание Археографической комиссии. СПб., 1890. С. 83-84.
Хроника Матфея Стрыйковского|||Кроника или летописания царств, княжеств|Викторов А. Е. Каталог славяно-русских рукописей, приобретенных московским публичным и Румянцевским музеем в 1868 г. после Д. В. Пискарева. М., 1871.  С 143
Выписки из Хроники Георгия Амартола|РГБ, собр. Иосифо-Волоколамского монастыря № 650|Нач. В начале сотвори Бог мирозиждителным своим словом небо безвездно бесчисленою добротою сиающе, лучами божесвеными. Л. 9 об. Епифания Кипрскаго о первом дни. Кончается историей Маккавеев.||
Хроника Георгия Амартола|РГБ, собр. МДА, фунд. библ.  100|Текст начинается на л. 15|Книги временныя и образныя Георгия мниха. Мнози внешних любословци рекше премудрии словолюбьци, образници же уварьщи и времена писци о древних царских и о силных и о каком философе и о ризоре|
Хроника Георгия Амартола|ГИМ, собр. А. С. Уварова № 1306 (146)|XVIII в.,  448 л., скоропись. На корешке владельческая запись: "Коллежскаго Ассесора Петра Хлебникова".||Леонид (Кавелин). Систематическое описание славяно-российских рукописей собрания А. С. Уварова. III. С. 11.
Хроника Георгия Амартола|Уваров. III. 1305 (966)|1456 г., 4о, 384 л., полуустав мелкий и четкий. Болгарский перевод, текст начинается на л. 1.|Криница истиннаа книгы их|Леонид (Кавелин). Систематическое описание славяно-российских рукописей собрания А. С. Уварова.. III. С. 9-11.
Хроника Георгия Амартола||XVI в., 4о, 433 л., полуустав. Болгарская редакция. Вторая половина Хроники, начиная с царствования Консантина Великого. Первая половина хранится в Иосифо-Волоколамском монастыре||Савва (архим.). Указатель для обозрения Московской патриаршей (ныне Синодальной) ризницы и библиотеки. М., 1855. С. 266.
Хроника Георгия Амартола||2о, 434 л., полуустав. Написана на Афоне в Хиландарском монастыре иноками Романом и Василием в 1386 г.||Савва (архим.). Указатель для обозрения Московской патриаршей (ныне Синодальной) ризницы и библиотеки. М., 1855. С. 266.
Хроника Георгия Амартола|||Царственник|Яцимирский, А.И. Описание южнославянских и русских рукописей заграничных библиотек. Т. 1. Вена, Берлин, Дрезден, Лейпциг, Мюнхен, Прага, Любляна / А.И. Яцимирский. Пг., 1921. (Сборник Отделения русского языка и словесности Российской академии наук ; т. 98
Хроника Георгия Амартола||Список Супрасльского монастыря, впоследствии перешедший в Археографическую комиссию||ЖМНП. 1839. №5. Отд. III. С. 62.
Хроника Георгия Амартола|РГБ, собр. И. П. Сахарова № 1456|||
Хроника Георгия Амартола|ГИМ, Синодальное собр. № 280|||
Хроника Георгия Амартола|ГИМ, собр. Чудова монастыря № 352|2о, XVI в., 526 л. Болгарский перевод, повествование доходит до Константина и Романа.|Криница ии хронограф Георгия Амартола|
Хроника Георгия Амартола|РГБ, собр. Н. П. Румянцева № 42|XV в., 4о, 314 л., полуустав, почерк южнорусских писцов. Сербский перевод. Утрачены начало и окончание.||Востоков А. Х. Описание русских и словенских рукописей Румянцевского музеума. СПб., 1842. С. 57.
Хроника Георгия Амартола|Костромской Богоявленский монастырь № 817|XVI в., 496 л. В начале помещено оглавление, а потом на л. 21 - предисловие "Книгы временныа Георгиа мниха сказ".|Криница истиннаа книг сих|Строев, П.М. Библиологический словарь и черновые к нему материалы / под ред. А.Ф. Бычкова. СПб., 1882. С. 59
Хроника Георгия Амартола||XVI в., 2о, 604 л.||Калайдович К., Строев П. Обстоятельное описание славяно-российских рукописей, хранящихся в библиотеке тайного советника, сенатора, двора его императорского величества действительного каммергера и кавалера графа Ф. А. Толстова. М., 1825. № 89.
Хроника Георгия Амартола|ГИМ, собр. Чудова монастыря № 352|XVI в., 2о.||Строев, П.М. Библиологический словарь и черновые к нему материалы / под ред. А.Ф. Бычкова. СПб., 1882.. С. 59
Хроника Георгия Амартола|собр. Соловецкого монастыря № 7|XVI в., 2о, 466 л. ||Строев, П.М. Библиологический словарь и черновые к нему материалы / под ред. А.Ф. Бычкова. СПб., 1882.. С. 59
Хроника Георгия Амартола|собр. Кирилло-Белозерского монастыря № 637|XV в., 4о, 506 л. Текст Хроники Георгия Амартола без окончания.||Строев, П.М. Библиологический словарь и черновые к нему материалы / под ред. А.Ф. Бычкова. СПб., 1882. С. 59
Хроника Георгия Амартола|РГБ, собр. Иосифо-Волоколамского монастыря №  417|XVI в., 4о.||Строев, П.М. Библиологический словарь и черновые к нему материалы / под ред. А.Ф. Бычкова. СПб., 1882. С. 59
Хроника Георгия Амартола (сокращенная)|РНБ, Софийское собр. № 976|XVI в., 2о, 642 л.||Строев, П.М. Библиологический словарь и черновые к нему материалы / под ред. А.Ф. Бычкова. СПб., 1882. С. 59
Хроника Георгия Амартола (сокращенная)| |XVI в., 2о, 642 л. Текст начинается с Александра Македонского. Данный экземпляр отдан в конце 1556 г. в Кирилло-Белозерский монастырь епископом Кассианом Рязанским.||Строев, П.М. Библиологический словарь и черновые к нему материалы / под ред. А.Ф. Бычкова. СПб., 1882.. С. 60
Хроника Георгия Амартола|РГБ, собр. В. М. Ундольского № 1289|XV в., 2о, 395 л., полуустав. Полный текст Хроники с Криницей и оглавлением.||Викторов А.Е. Собрание славяно-русских рукописей В.М. Ундольского. М., 1870. С. 18.
Хроника Георгия Амартола (сокращенная)|РГБ, собр. В. М. Ундольского № 721|XVI в., 4о, 69 л.||Викторов А.Е. Собрание славяно-русских рукописей В.М. Ундольского. М., 1870. С. 18.
Хроника Георгия Амартола|РНБ, F.I.150|XVI в., 604 л., полуустав.|Временник впросте от различных же Хронограф же и сказатель собран же  сложен Георгием, грешным мнихом|Калайдович К., Строев П. Обстоятельное описание славяно-российских рукописей, хранящихся в библиотеке тайного советника, сенатора, двора его императорского величества действительного каммергера и кавалера графа Ф. А. Толстова. М., 1825. С. 45.
Хроника Георгия Амартола|РНБ, Солов. II. 436 (83)|XVI в., 2о, 462 л., полуустав. На л. 2 киноварью: "Соловецкаго монастыря вивлион Криница, подписал Соловецкаго монастыря хартофилакс еклисиарх иеродиакон Стефанос".||Описание рукописей Соловецкого монастыря, находящихся в библиотеке Казанской духовной академии. Ч. II.С. 97.
Летовник Георгия Амартола||1о, рукопись поновлена в 1619 г. Логином, проигуменом типикарем св. Саввы, Хиландарский монастырь| Григория грешнаго летовник|Григорович В. И. Очерк путешествия по Европейской Турции. Вып. 2. М., 1877. С. 32. № 16.
Летовник Георгия Амартола|собр. Хиландарского монастыря 128|XV в., 1о, 266 л.|Летовник Георгия Мниха|Iava Chilandarec, Rucopisy a starotisky Chilandarski, С. 40-41.
Летовник Георгия Амартола|Син. 148|XV в., 2о, 434 л. Привезен Арсением Сухановым из Афоногорского Павлова монастыря архимандрита Анании. Нач.: "Книга роддьства человека, вьнже день сьтвори Богъ Адама по образу и по подобию своему". |Летовник ськращень отъ различнихъ летописьць же и поведателии избрань и съ ставлень отъ Георгиа грешнааго инока|Строев, П.М. Библиологический словарь и черновые к нему материалы / под ред. А.Ф. Бычкова. СПб., 1882. С. 58.
Хроника Георгия Амартола||1597 г., 2о. Принадлежала Нику Бошковичу, банкиру в Дубровнике (Далмация). ||Сырку П. А. Краткий отчет о занятиях за границей доцента Императорского Санкт-Петербургского университета П. А. Сырку в летние месяцы 1893 и 1894 гг. // Известия Императорской АН. 1895. Т. II. № 5. С. 15.
Летовник Георгия Амартола|РГБ, собр. Н. П. Румянцева № 921|XVI в., 2о, 365 л. Отрывок болгарского перевода памятника. ||
Хроника Георгия Амартола|Венская Императорская библиотека, cad. Clav. 10|XIV в., 221 л. Рукопись принадлежала монастырю архистратига Михаила на р. Крке. ||Воскресенский Г. А. Славянские рукописи, хранящиеся в заграничных библиотеках: Берлинской, Пражской, Венской, Люблянской, Загребской и двух Белградских. СПб., 1882. С. 41-42.
Летовник Георгия Амартола||XV в. |Летописникь сокращень оть различнихь летописець же и поведателии избрань и съставлень отъ Георгиа грешна инока|Sava Chilandarec, Rukopisy astarotisky Chilandarske, 40 стр.
Летовник Георгия Амартола|ГИМ, собр. А. И. Хлудова № 183|XV в., 2о, 291 л., в два столбца. В начале недостает нескольких листов. Сербское правописание. По мнению В. Ундольского "Летовник Георгия Амартола" не является Сербской редакцией данного произведения. Это самостоятельный памятник славянской письменности. |Зачела летописца Георгия инока|Попов А. Н. Описание рукописей и каталог книг церковной печати библиотеки А. И. Хлудова. М., 1872. № 183.
Летовник Георгия Амартола|Монастырь св. Павла на Афоне|Список 1387 г.||Истрин В. М.  Книгы временыя и образныя Георгия Мниха. Хроника Георгия Амартола в древнем славянорусском переводе. Т. 1. 1920. (?). С. 137.
Летовник Георгия Амартола|Чешский национальный Музей в Праге № 30|1389 г., 1о, 35 л.||Воскресенский Г. А. Славянские рукописи, хранящиеся в заграничных библиотеках: Берлинской, Пражской, Венской, Люблянской, Загребской и двух Белградских. СПб., 1882.  С. 29-30; Истрин В. М.  Книгы временыя и образныя Георгия Мниха. Хроника Георгия Амартола
Летовник Георгия Амартола|РГБ, собр. В. М. Ундольского № 1092, 1094|Копиии рукописей ГИМ, Синодальное собр. № 148 и РГБ, собр. Н. П. Румянцева № 42.||Викторов А.Е. Собрание славяно-русских рукописей В.М. Ундольского. М., 1870. С. 18.
Хроника Георгия Амартола (извлечения)|РНБ, собр. Соловецкого монастыря № 201 (289)|Лествица, XVI в., 4о, 251 л. Непосредственно за этой статьей без разделения и заглавия следует другая: "В летописании князи пишет александрести и сказует, како евреи живоуше во Иерусалиме, завистью злою обносими живущая в не вся крестьяны убиваху. Об уста||Описание рукописей Соловецкого монастыря, находящихся в библиотеке Казанской духовной академии. Ч. I. С. 329.
Паралипомен Зонары|РГБ, собр. Иосифо-Волоколамского монастыря № 230|Сборник, XV-XVI вв., 4о., 377 л., 15-16 вв. Текст расположен на л. 1-122. Летопись Зонара. В начале предисловие. По сей самой рукописи издан памятник вполне в Чтениях Императорского Общества Истории и Древностей Российских. 1847. № 1.||Иосиф, иером. Опись рукописей перенесенных из библиотеки Иосифова монастыря в библиотеку Московской Духовной академии М., 1882. С. 303-304.
Хроника Иоанна Зонары|Ундол. 1191|XVII в., 2о, 336 л. Хроника Иоанна Зонары в Сербском переводе. ||Попов. Обзор хронографов. Вып. 2.; Викторов А.Е. Собрание славяно-русских рукописей В.М. Ундольского. М., 1870. С. 18.
Летопись Зонары|Венская придворная библиотека 128 (126)|1о., 378 л.  За кратким конспектом, заглавие которого написано синей краской, - Предисловие, озаглавленное (л. 2): С Богом починаем собрание еже от начела миру бывшиих писании в пространствии обличениа поведаниих. Заглавие летописи (л. 5): начело писании ||Яцимирский, А.И. Описание южнославянских и русских рукописей заграничных библиотек. Т. 1. Вена, Берлин, Дрезден, Лейпциг, Мюнхен, Прага, Любляна / А.И. Яцимирский. Пг., 1921. (Сборник Отделения русского языка и словесности Российской академии наук ; т. 98
Летописец Еллинский и Римский|РНБ, Q.XVII.25|Сборник, 4о, 272 л., 17 в. Текст начинается на л. 234.|Книга рекомая Историа, сиречь повественая. Списана из Гранографа Греческаго, сиречь Еллиньскаго|Калайдович К., Строев П. Обстоятельное описание славяно-российских рукописей, хранящихся в библиотеке тайного советника, сенатора, двора его императорского величества действительного каммергера и кавалера графа Ф. А. Толстова. М., 1825.  Приб. II. С. 296.
Иудейский хронограф (отрывок)|ГИМ, собр. И. Е. Забелина № 436|Выборка из того сборника, который известен под именем Архивского хронографа; до сих известен был только еще один текст - Виленской публичной библиотеки.||Сперанский М.Н. Собрание рукописей И.Е.Забелина. //Отчет ГИМ за 1916-1925 гг. Прилож. II. С. 17.
Степенная книга|собр. Тверского музея № 11(3119)|XVIII в., 2о, 320 л. В описях данный список Степенной книги числится как Хронограф.||Сперанский М. Н. Описание рукописей Тверского музея. М., 1891. С. 6.
Хронограф 1620 г.|РГБ, собр. И. Д. Беляева № 1 (1508)|1о, 409 л. Хронограф 1620 г., 1-го вида. Новейшая копия за подписью (1582 г.) цензора, архимандрита Нафанаила. Эта копия была приготовлена для издания во Временнике Общества истории и древностей Российских, и как видно из находящихся при ней корректур, дв||Викторов А.Е. Собрание рукописей И.Д. Беляева. М., 1881. С. 2.
Хронограф русский|ГИМ, собр. Чудова монастыря № 53/355|XVII в., 8о, 348 л., скоропись. Нач. "Первее убо подобает истинному християнину не токмо иноком, но и сущим в миру испытати писание". Текст хронографа начинается на л. 6.|Предисловие книги сея. Глаголемыя Гранограф сииречь летописец|
Хронограф|ГИМ, Музейское собр. № 1305|Сборник, XVII в., 4о, 889 л. Текст завершается повествованием о Константине, сыне Льва.||
Хронограф 1512 г. (отрывок)|ГИМ, собр. Музейское собр. № 2502|Сборник исторический, XVIII в., 4о, I+583 л. Главы 143-175.||
Хронограф 1512 г. (отрывок)|ГИМ, Музейское собр. № 2578|Сборник исторический, XVIII в., 4о, 17 и 655 л. Главы 107-208.||
Хронограф (отрывок)|ГИМ, Музейское собр. № 578|Сборник, XVII в., 4о, 98 л. Отрывок из Хронографа (хронология из глав 3, 5, 6)||
Хронограф (отрывок)|ГИМ, Музейское собр. № 1388|Сборник, XVIII в., 2о, 809 л. Главы "О царстве Египетском", "Царство 2-е Птолемево", "Царство -е"||
Хронограф|Берлинская королевская библиотека № 61 (Q.7)|4о, 150 л., скоропись. Нач. "Повести убо нынешняя достоитъ послушати яко истинна зело како убо смесишася 4 царства: 1 ефиопское, 2-е македонское. 3-е римское. 4-е греческое. Я же суть 4 ветри под небесем, еже виде Данил Александр убо Македонскии еллин еже||Яцимирский, А.И. Описание южнославянских и русских рукописей заграничных библиотек. Т. 1. Вена, Берлин, Дрезден, Лейпциг, Мюнхен, Прага, Любляна / А.И. Яцимирский. Пг., 1921. (Сборник Отделения русского языка и словесности Российской академии наук ; т. 98
Хронограф|РГБ, собр. Н. С. Тихонравова № 66|1692 г., полуустав. Предисловие изложено стихотворной прозой. Изложение событий оканчивается взятием Константинополя. ||Георгиевский Г.П. Императорский Московский и Румянцевский Музей. Собрание H.С. Тихонравова. I. Рукописи. М., 1913. С. 14.
Хронограф |РГБ, собр. Н. С. Тихонравова № 570|XVII в., 1о, 485 л., скоропись. Текст доведен до царя Михаила Федоровича.||Георгиевский Г.П. Императорский Московский и Румянцевский Музей. Собрание H.С. Тихонравова. I. Рукописи. М., 1913. С. 100.
Хронограф (Отрывок)|РГБ, собр. В. М. Ундольского № 1|15 в., 1о, 476 в.||Лебедев. Славянский перевод Книги Иисуса Навина. Спб., 1890. С. 45.
Хронограф|РГБ, собр. Иосифо-Волоколамского монастыря № 225 (649)|XVI в., 1о, 246 л., полуустав. Начала недостает. Разделен на главы и обнимает истории Греческую, Сербскую, Болгарскую, Русскую, Иудейскую и Римскую.||
Хронограф|Нижегородская семинария № 19 (3897)|XVII в., 2о, ок. 250 л., полуустав и скоропись южно-русского письма. Оканчивается сказанием об обновлении Царьграда; наинается статьей об изведении Лота из Содома. В состав рассказа о библейских событиях внесены стихи Симеона Полоцкого. В рукописи много п||Викторов А. Е. Описи рукописных собраний в книгохранилищах Северной России. Издание Археографической комиссии. СПб., 1890. С. 321.
Хронограф (выписки)|РГБ, собр. И. Д. Беляева № 23 (1529)|Сборник исторический, XVIII в., 4о, 341 л. Текст выписок из Хронографа помещен на л. 1-173. Пространные выписки из Хронографа Русской редакции XVI в., сначала и 2-й части, от Константина Великого до Романа Лакапена, а потом (л. 86) из 1-ой части, от сотво||Викторов А.Е. Собрание рукописей И.Д. Беляева. М., 1881. С. 14.
Хронограф|РГБ, собр. Тихонравова № 225|XVII в., 4о, 541 л.||Георгиевский Г.П. Императорский Московский и Румянцевский Музей. Собрание H.С. Тихонравова. I. Рукописи. М., 1913. С. 35.
Хронограф|РГБ, собр. Тихонравова № 226|XVII в., 4о, 324 л.||Георгиевский Г.П. Императорский Московский и Румянцевский Музей. Собрание H.С. Тихонравова. I. Рукописи. М., 1913. С. 35.
Хронограф 1617 г.||XVII в., 1о, 721 л., полуустав. В конце: "Предписание о граде Азове" и "Родословие Русских князей и государей"||Викторов А. Е. Описи рукописных собраний в книгохранилищах Северной России. Издание Археографической комиссии. СПб., 1890. С. 30.
Хронограф 1617 г.||Полуустав 17 в., в лист, 624 л. В конце: "Предписание о граде Азове".||Викторов А. Е. Описи рукописных собраний в книгохранилищах Северной России. Издание Археографической комиссии. СПб., 1890. С. 31.
Хронограф (отдельные известия)|РНБ, Q.XVII.215|Сборник, середина XVII в., 4о, 509 л. л. 257. Два известия из хронографа (о посажении великим князем Иваном Васильевичем сына своего Васиия на великое княжение и о сожжении еретиков в 7013 году).||Бычков И. А. Каталог собрания рукописей Ф. И. Буслаева, ныне принадлежащих императорской Публичной Библиотеке. СПб., 1897. С. 329. № 96.
Летописец Еллинский и Римский|РГБ, собр. В. М. Ундольского № 720|XVI в., 1о, 323 л. По составу отличается от других списков Летописца Еллинского и Римского (см. Попов А. Хронографы русской редакции. Вып. 1) Начинается повествованием о Данииле и его видениях; оканчивается временами императора Феофила. С л. 135 - письмо ||Викторов А.Е. Собрание славяно-русских рукописей В.М. Ундольского. М., 1870. С. 19.
Хронограф|РГБ, собр. Соловецкого монастыря № 441 (54)|4о, полуустав 18 в., 230 л. На первом ненумерованном листе: "Книга сия глаголемая гранограв вотчины Соловецкаго монастыря крестьянина Семена Иванова сына лукичева". Ниже подпись другой рукой: "1757 году июля 6 дня куплена у города Архангельскаго у Семена ||Описание рукописей Соловецкого монастыря, находящихся в библиотеке Казанской духовной академии. Ч. II. С. 106.
Хронограф особого состава|РНБ, собр. Соловецкого монастыря № 442 (17)|1о, скоропись 18 в., на 532 л. На 532 л. Написано: "К читателю. Изволившему Богу помощь свою дати / Начати книгу сию Кинзарь и кончати / Аллилуиа рещи подобает, писания конецъ являет/ Аще и грех каков найдется в сем деле / Разум каков сам веси внемощном т||Описание рукописей Соловецкого монастыря, находящихся в библиотеке Казанской духовной академии. Ч. II. С. 109.
Хронограф с Лицевой Библией, особого состава|РНБ, собр. Соловецкого монастыря № 443|1о, скоропись 17 в., 845 л. Текст Хронографа сходен с текстом рукописи РНБ, собр. Соловецкого монастыря № 142.||Описание рукописей Соловецкого монастыря, находящихся в библиотеке Казанской духовной академии. Ч. II. С. 112.
Хронограф ре. 1512 г.|Рогож. 254|1о, 725 л. Хронограф 1512 г. на 208 глав. Доведен до взятия Царьграда. Л. 403 - прибавление: "Царство 17. В Самори. Л. 403 на об. Царьство 1. в Вавилоне". Л. 408-725 - Летописец русский.||Рогож.(?) С. 312-313.
Хронограф|РГАДА, МГАМИД 717/1233|Хронограф без начала и конца. ||
Хронограф|РГАДА, МГАМИД № 674|XVIII в., 4о, 181. Без начала и конца. ||
Хронограф 1617 г.|РГАДА, МГАМИД 664/1176|вторая половина XVII в., 1о, 503 л. ||
Хронограф 1617 г.|РГАДА, собр. МГАМИД 659/1171|XVIII в., Хронограф, 2о, 360 л.||
Хронограф|ГИМ, Музейское собр. № 283|XVIII в., 2о.||
Хронограф (отрывки)|ГИМ, Музейское собр. № 517|XVIII в., 2о.||
Хронограф (отрывки)|ГИМ, Музейское собр. № 686|XVIII в., 2о.||
Хронограф (отрывки)|ГИМ, Музейское собр. № 774|XVIII в., 2о.||
Хронограф (отрывки)|ГИМ, Музейское собр. № 887|XVII в. 2о.||
Хронограф (отрывки)|ГИМ, Музейское собр. № 913|XVII в., 2о.||
Хронограф (отрывки)|ГИМ, Музейское собр. № 1028|XVIII в., 2о.||
Хронограф (отрывки)|ГИМ, Музейское собр. № 1408|XVII в., 2о.||
Хронограф (отрывки)|ГИМ, Музейское собр. № 1411|XVII в., 2о.||
Хронограф (отрывки)|ГИМ, Музейское собр. № 1413.|XVII в., 2о.||
Хронограф (отрывки)|ГИМ, Музейское собр. № 1689|XVII в., 2о.||
Хронограф (отрывки)|ГИМ, Музейское собр. № 1687|XVIII в., 2о.||
Хронограф (отрывки)|ГИМ, Музейское собр. № 1502|XVII в., 2о.||
Хронограф|ГИМ, собр. Черткова № I 2/36|||
Хронограф до 1670 г. |ГИМ, собр. Черткова № I 4/60|Хронограф от построения Трои.||
Хронограф до 1743 г.|ГИМ, собр. Черткова № I 3/17|||
Хронограф до 7138 г.|ГИМ, собр. Черткова № I 3/5|||
Хронограф до Константина Палеолога|ГИМ, собр. Черткова № I 1/35|||
Хронограф|ГИМ, собр. Черткова № I 1/10|||
Хронограф|ГИМ, собр. Черткова № I 4/2|||
Хронограф|собр. П. Й. Шафарика № 29|||Сперанский М. Н. Рукописи Павла Иосифа Шафарика (ныне музея королевства чешского) в Праге. М., 1894. С. 92
Хронограф 1617 г. (выписки)|РНБ, Q.XVII.211|Сборник, нач. XVIII в., 4о, 441 л. На л. 6, 8 и 9 и на л. 10 имеется восемь лицевых изображений. л 1. Выписки из хронографа распространенной второй редакции. Начинается рукопись сатьей "Паки о морях". Нач. Окиянъ море всех вод болши. Нижняя половина л. 1-||Бычков И. А. Каталог собрания рукописей Ф. И. Буслаева, ныне принадлежащих императорской Публичной Библиотеке. СПб., 1897. С. 279. № 91.
Временник христьянских царей|Типогр. 3 (387)|Текст Временника начинается на л. 92. Нач. "По Максентии царствова Костянтин великыи царь лет 32, вся же лет житиа его 65 лет". |Времяник христьяньскыих царевъ и о правоверном цари Костянтине|Типогр. В. 1.  С. 24.
Хронограф|собр. П. Й. Шафарика № 28|4о, 168 л.||Сперанский М. Н. Рукописи Павла Иосифа Шафарика (ныне музея королевства чешского) в Праге. М., 1894. С. 88.
Хронограф||XVII в., 1о. Содержит в себе русские происшествия, в числе которых встречается много летописных заметок о Ростове||Отчет Императорской публичной библиотеки за 1860 г. С. 15-16.
Хронограф 1512 г. (отрывок)|РНБ, Q.IV.378|Сборник, XVII в., начало, середина и конец XVIII в., 4о., 401 л., скоропись и полуустав. Часть Хронографа так называемой первой редакции. Текст начинается на л. 1, оглавление прерывается на главе 27-й. л. 2. Изложение о вере. Нач. "Первее убо подобает ист|Сказание главам книги сея глаголемыя гранограф, сиречь летописца|Бычков И. А. Каталог собрания рукописей Ф. И. Буслаева, ныне принадлежащих императорской Публичной Библиотеке. СПб., 1897. С. 225. № 75. 
Хронограф 1617 г. (в сокращении)|РНБ, Q.XVII.208|Сборник, XVI в. и XVII в., 4о, 196 л. Сначала помещены события Священной и всеобщей истории, а затем русской. Начало хронографа и немало листов в середине утрачено. Листы 218-233 попали не на место; им следовало бы быть в начале рукописи. События русской ||Бычков И. А. Каталог собрания рукописей Ф. И. Буслаева, ныне принадлежащих императорской Публичной Библиотеке. СПб., 1897. С. 271-272.
Хронограф 1512 г. и 1620 г.|РНБ,Q.IV.378|Сборник, начала XVII в., начала, середины, и конца XVIII в., 4о, 401 л. л. 1. Часть хронографа 1512 г. л. 1. Сказание главам книги сеяглаголемыя гранограф, сиречь летописца (оглавление прерывается на главе 27-й). л. 2. Изложение о вере. Нач.: "Первее убо ||Бычков И. А. Каталог собрания рукописей Ф. И. Буслаева, ныне принадлежащих императорской Публичной Библиотеке. СПб., 1897. С. 228. № 75.
Хронограф|РГБ, собр. МДА № 25 (105)|XVII в., 2о, 465 л. Хронограф 1620 г. 170 глав и две прибавочных. Оканчивается царствованием Алексея Михайловича (170 глав), 1647 г.. Первая прибавочная глава без надписи: "Родословие Византийских государей". Вторая: "Родословие Российских государей". ||Леонид (Кавелин). Сведения о славянских рукописях, поступивших из книгохранилища св. Троицкой Сергиевой Лавры в библиотеку Троицкой духовной семинарии в 1747 году (ныне находящихся в библиотеке Московской Духовной Академии). М., 1887.  Вып. I. С. 124.
Хронограф|РНБ, собр. А. А. Титова № 3461|XVII в., 2о, 225 л., скоропись.||Титов А. А. Охранный каталог славяно-русских рукописей А. А. Титова. Вып. IV. С. 67.
Хронограф|РНБ, собр. А. А. Титова № 2796|XVIII в., 2о, 415 л., скоропись.||Титов А. А. Охранный каталог славяно-русских рукописей А. А. Титова. Вып. IV. С. 11.
Хронограф (отрывок)|РНБ, собр. А. А. Титова № 2759|XVII-XVIII вв., 2о, 67 л., скоропись.||Титов А. А. Охранный каталог славяно-русских рукописей А. А. Титова. Вып. IV. С. 8.
Хронограф|РНБ, собр. А. А. Титова № 2501|XVIII в., 2о, 156 л., полуустав, в два столбца, заставки.||Титов А. А. Охранный каталог славяно-русских рукописей А. А. Титова. Вып. III. С. 101.
Хронограф|РНБ, собр. А. А. Титова № 2515|XVIII в., 2о, 256 л., скоропись.||Титов А. А. Охранный каталог славяно-русских рукописей А. А. Титова. Вып. III. С. 102.
Хронограф|РНБ, F.IV.595|XVII в., 2о, 740 л., скоропись. Внизу первых листов приписка: "Сия книга, глаголемая хранограф, спаского игумена Корнилия, что в Арзамасе, а подписал я, игумен своею рукою". Хронограф (в начале шестидневное творение Манасии и Севериана, епископа гавальско||Отчет Императорской публичной библиотеки за 1878 г. С. 9-10.
Хронограф|РНБ, F.IV.599|XVII в., 1o, 10 и 795 л. Рукопись принадлежала думному дворянину Чемоданову, который заявил это так: "Гранограф. Сия книга богоглаголивая думнова дваренина Федора Ивановича Чемоданоа; сия книга глаголет великую, превысокую, божественную сияния премудрости||Отчет Императорской публичной библиотеки за 1878. С. 12-13.
Хронограф|РНБ, F.IV.600|XVII в., 2о, 801 л., скоропись. Русские происшествия простираются до 1649 года. К составу хронографа присовокуплены: а) л. 757: Повесть о некоем калугере, именем Феодоре; б) л. 760 об.-801: Сказание о стрелецких бунтах; бе конца, писано позднейшим почерко||Отчет Императорской публичной библиотеки за 1878 г. С. 13.
Краткие статьи, содержащие летописчисление|РГБ, собр. Троице-Сергиева монастыря № 2 (2027)|XIV в., 4о, 166 л., полуустав. Текст помещен на л. 137-143. От книг хронографа, в середине коей сказано: от Володимера до Всеволода Гюргевича лет 200. О обавлении Господьскых от Апостольских заповедии. Евсевиево от тленных (чит.: от летных). Исухиево о Хр||Илларий (иером.) и Арсений (иером.). Описание славянских рукописей библиотеки Свято-Троицкой Сергиевой Лавры. Вып. 1. № 2 (2027). С. 2.
Хронограф|РНБ, F.IV.300|XVII в., 2о, 443 л., скоропись. Рукопись делится на 170 глав; русские происшествия в ней доведены до 7163 (1655) года и оканчиваются известием о взятии Смоленска из 32 городов и о разбитии гетмана Родзивила, иже бысть сатанин полководец, имея хоругви дьяв|Книга, глаголемая гранограф, рекше начало писменом царьских родов от многих летописцов|Отчет Императорской публичной библиотеки за 1863 г. С. 65-66.
Хронограф без начала|БАН, 17.5.6.|XVI в. Начинается 5557 годом, кончается 6938 годом. В рукописи также помещены сочинения "О Динаре царице", Отрывок из Жития св. Нифонта, Слово о впадении в блуд, Александрия. ||
Хронограф Михаила Собакина|Погод.|1о. ||Отчет Императорской публичной библиотеки за 1852 г. С. 66.
Хронограф|РГБ, собр. Н. П. Румянцева № 21|XVII в., 1о, 568 л. Соединен с Александрией. ||
Хронограф|РГБ, собр. Н. П. Румянцева № 213|XVII в., 2о, 441 л. Разделен на 209 глав.||
Хронограф|РГБ, собр. Н. П. Румянцева № 244|XVIII в., 4о, 345 л.||
Хронограф|РГБ, собр. Н. П. Румянцева № 415|XVIII в., 2о, 351 л. 179 глав.||
Хронограф|РГБ, собр. Н. П. Румянцева № 1125|XVII в., 1о. 169 глав. ||
Хронограф|РГБ, собр. Н. П. Румянцева № 1410|XVII в., 2о, 736 л. 179 глав.||
Хронограф Пахомия, архиепископа Астраханского|РГБ, собр. Н. П. Румянцева № 1507|XVII в., 595 л. Повествование начинается от сотворения мира.||
Хронограф 1620 г.|РГБ, собр. Н. П. Румянцева № 1508|1о, 409 л.||
Хронограф |РГБ, собр. Н. П. Румянцева № 1840|XVII-XVIII вв., 2о, 651 л.||
Хронограф|РГБ, собр. Н. П. Румянцева № 2397|XVI-XVII в., 4о.||
Хронограф|РГБ, собр. Н. П. Румянцева № 2398|XVIII в., 282 л. 169 глав.||
Хронограф |РГБ, собр. Н. П. Румянцева № 2399|||
Хронограф|РГБ, собр. Н. П. Румянцева № 2400|1646 г., 131 л. ||
Хронограф 1617 г.|РГБ, собр. Румянцева № 2401|1699 г., 555 л.||
Хронограф|РГБ, собр. Н. П. Румянцева № 2402|1792 г., 1о, 620+6 л.||
Хронограф |РГБ, собр. Н. П. Румянцева № 2403|XVII в., 1о. 135 глав.||
Хронограф|РГБ, собр. Н. П. Румянцева № 2404|||
Хронограф|РГБ, собр. Н. П. Румянцева № 2405|||
Хронограф|РГБ, собр. Н. П. Румянцева № 2406|||
Хронограф|РГБ, собр. Н. П. Румянцева № 2407|||
Хронограф||XVII в., 4о. Рукопись Козельской Оптиной пустыни.||Леонид (Кавелин). Обозрение рукописей и старопечатных книг в книгохранилищах монастырей, городских и церквей Калужское епархии. М., 1865. Чт. 1865. № 4. С. 43. 
Хронограф||Хронограф Киевской руки (весьма отличной от Московской) XV или XVI века, доведенный до 1445 г. Первых листов недостает, в четверку (№ 390).||Каразин В.  Каталог славяно-российским рукописям (погибшим в 1812 году) профессора Баузе. - Чтения МОИДР, 1862, кн. V. С. 78.
Хронограф (вторая половина текста)|собр. Археографической комиссии № 41|Сборник, скоропись 17, 4о, 499 л. л. 350. Вторая половина хронографа. Начинается царствованием Византийских императоров Василия и Константина, и продолжается до начала правления Ярослава I. Затем недостает глав 132-139. Начиная с царствования Никифора Вот||Летопись занятий Археографической комиссии. Вып. 1. Отд. 4. С. 1-2.
Хронограф ред. 1617 г.|РГБ, собр. В. М. Ундольского № 1200|Список нач. XVII в., 1о, 410 л. Прерывается на царствовании ц. Ивана IV (на статье: о вере Армен).||Викторов А.Е. Собрание славяно-русских рукописей В.М. Ундольского. М., 1870. С. 19.
Хронограф|РГБ, собр. В. М. Ундольского №  727|XVII в., 4о, 522 л. Текст разделен на 333 главы. Содержит неизвестное по другим спискам предисловие Антония Подольского. Начинается сказанием о Троянской войне и идет, как и другие списки той же редакции, до взятия Царьграда. В конце (л. 509) присоеднено:||Викторов А.Е. Собрание славяно-русских рукописей В.М. Ундольского. М., 1870. С. 19.
Хронограф второй редакции|РНБ, F.IV.680|XVII в., 339 л., 1о, скоропись.||Отчет Императорской публичной библиотеки за 1887 г. С. 164.
Хронограф|РНБ, F.IV.679|XVII в., с дополнениями XVIII в.,  2о, 646 л., скоропись и полуустав.||Отчет Императорской публичной библиотеки за 1887 г. С. 149.
Хронограф|РГБ, собр. Н. П. Ундольского № 725|XVII в., 4о, 392 л. Разделен на 230 глав иначинается 159-й (статьей о 7-м вселенском соборе, - по старой нумерации 401-м л.). Оканчивается повествованием о смутном времени, начиная с восшествия на престол ц. Федора Ивановича до Деулинского перемирия, - те||Викторов А.Е. Собрание славяно-русских рукописей В.М. Ундольского. М., 1870. С. 19.
Хронограф 1512 г.|РГБ, собр. В. М. Ундольского № 722|XVII в., 2о, 587 л. Текст полный. ||Викторов А.Е. Собрание славяно-русских рукописей В.М. Ундольского. М., 1870. С. 19.
Хронограф 1512 г.|РГБ, собр. В. М. Ундольского № 1301|XVII в., 4о, 552 л. Идет только до 115 главы, с присоединением в конце нескольких прибавочных статей (апокр. Сказания о древе крестном, видения Григория и проч.)||Викторов А.Е. Собрание славяно-русских рукописей В.М. Ундольского. М., 1870. С. 19.
Хронограф 1512 г.|РГБ, собр. В. М. Ундольского № 1171|XVII в., 4о, 399 л. Начинается со второй половины и имеет особый счет глав (103 главы).||Викторов А.Е. Собрание славяно-русских рукописей В.М. Ундольского. М., 1870. С. 19.
Хронограф 1512 г.|РГБ, собр. В. М. Ундольского № 723|Содержит видоизменения против Хронографа редакции 1512 г.||Викторов А.Е. Собрание славяно-русских рукописей В.М. Ундольского. М., 1870. С. 19. Попов. Вып. 2. Извлечения из № 726 в Изборнике.
Хронограф 1512 г. |РГБ, собр. В. М. Ундольского № 724|Содержит видоизменения против Хронографа редакции 1512 г.||Викторов А.Е. Собрание славяно-русских рукописей В.М. Ундольского. М., 1870. С. 19. Попов. Вып. 2. Извлечения из № 726 в Изборнике.
Хронограф 1512 г.|РГБ, собр. В. М. Ундольского № 726|Содержит видоизменения против Хронографа редакции 1512 г.||Викторов А.Е. Собрание славяно-русских рукописей В.М. Ундольского. М., 1870. С. 19. Попов. Вып. 2. Извлечения из № 726 в Изборнике.
Хронограф Антония Подольского||||Попов А. Н. Обзор Хронографов русской редакции. Ч. II. С. 249 и след.
Хронограф|РНБ, собр. Соловецкого монастыря № 438 (52)|XVII в., полуустав, 2о, 959 л. На л. 1-13 внизу под строками подпись: "Лета 7152 (т.е. 1644) месяца ноября в 5 день дал вкладом сию книгу Хронограф в дом всемилостиваго Спаса и пречистыа Богородицы и преподобных и богоносных отец Зосимы и Саватиа соловецк||Описание рукописей Соловецкого монастыря, находящихся в библиотеке Казанской духовной академии. Ч. II. С. 104.
Хронограф|собр. Виленской библиотеки № 109 (147)|XVII в., 736 л., полуустав. Два почерка. На полях рукописи множество замечания почерком 18 в. На переплетной доске надпись: "То есь книга глаголемая кроника". Переплет деревянный, обтянут кожей. Рукопись Супрасльского монастыря. Хронограф особого состава.||Описание рукописного отделения Виленской публичной библиотеки. СПб., 1903. Вып. 1 (?). С. 246-247 (не указан выпуск)
Хронограф|собр. Костромской духовной семинарии. Отд. XII. № 118.|1о. 169 глав. По оглавлению 170 глав. Завершается известиями о правлении Алексея Михайловича, 7153 г.||
Хронограф|собр. Костромской духовной семинарии. Отд. XII. № 119.|XVII в., 2о, 551 л., полуустав. 167 глав. Нач. "В начале сотвори Бог мирозижетельным своим словом небо беззалездное, бесчисленою добротою сияюще…" Кончается смутным временем (1611 г.). На л. 12 текст: "Предисловие книги сея. Чювственным убо непостижима су||
Хронограф 1512 г.|собр. Археографической комиссии № 140.|XVII в., 4о, 604 л., скоропись. На л. 593 об. помещена запись: "Слава иже в Троицы славиму Богу нашему, о нем же всяко дело благо начало приемлет и в совершении приходит; той же ныне сему писанию целу конец положи. Вам же избранная и всякаго благоразумия ||Барсуков Н. П. Рукописи Археографической комиссии. 1882. С. 78.
Хронограф 1617 г. с прибавлениями|собр. Археографической комиссии № 141.|XVIII в., 1о, 309 л., скоропись. Русские прибавления до 1672 г. Разделен на 171 главу. Главы с 110 (л. 80) до 169-й, л. 112, сходны с Московским Синодальным списком хронографа XVII в. № 135. С л. 112 список рознится против Синодального. Л. 120-205. Книга ||Барсуков Н. П. Рукописи Археографической комиссии. 1882. С. 81; Попов. Изборник. С. 131-204.
Хронограф|собр. Археографической комиссии 142|XVIII в., 895 л., 1о, скоропись. Поступила из собр. П. А. Муханова. Навнутреннейсторонепереплета означено: "Сия книга подписана 1749 году". По мнению А. Н. Попова относится к третьемуразряду третьей редакции хронографа (Обзор. II. С. 198-229).||Барсуков Н. П. Рукописи Археографической комиссии. 1882. С. 83.
Хронограф|собр. Археографической комиссии № 144|XVII в., 4о, 697 л., скоропись. Текст без начала и окончания.||Барсуков Н. П. Рукописи Археографической комиссии. 1882. С. 6.
Хронограф Сергея Кубасова|Археограф. 143.|XVII в., 2о, 578, скоропись. Поступила из собр. Сулакадзиева. Без начала и окончания. Оглавление начинается 220 главой.||Барсуков Н. П. Рукописи Археографической комиссии. 1882. С. 84.
Хронограф 1620 г. третьего вида|собр. Тверского музея № 217 (3113)|XVII-нач. XVIII в.,  2о, 11+656л., полуустав. Хронограф 1620 г. третьего вида.||Сперанский М. Н. Описание рукописей Тверского музея. М., 1891. С. 305.
Хронограф||XVII в., 4о, 426 л., полуустав.||Описание рукописей князя Павла Петровича Вяземского. 1902. (ОЛДП. Издания. № 119). С. 427.
Хронограф||XVI в., 4о, 820 л. Запись в конце рукописи: "Всего в сей книге восмь сот четырнатцать листов.Сия книга ученика крестьянскаго сына Константина Семенова Шумилова". Л. 22 запись: "Сия книга, глаголевая Гронограф, Архангельской округ Верхнозолотицкой волости ||Описание рукописей князя Павла Петровича Вяземского. 1902. (ОЛДП. Издания. № 119). С. 159.
Хронограф||XVIII в., 95 л., полуустав и скоропись. ||Описание рукописей князя Павла Петровича Вяземского. 1902. (ОЛДП. Издания. № 119). С. 159.
Хронограф||XVIII в., 1о, скоропись. Записи: "Московскаго купеческаго сына Максима Федоровичу (sic) Газетова, 1846 года Нижегород, ярман куплена за 10 ру…"; "...лия тпича нменацсехикъ рилтошлтору тунду зецому Чмичомьигу Чаерскошу"; "писана по тарабарски в верху запла||Описание рукописей князя Павла Петровича Вяземского. 1902. (ОЛДП. Издания. № 119). С. 122-123.
Хронограф||XVI в., 340 л., полуустав. Текст начинается с л. 9. Нач. "Первие убо подобает истинну хирстиянину, не токмо иноком, нои сущим в мире, испытати писание". |Предисловие книзе, глаголемой гранограф, сииреч летописец; изложение о вере|Описание рукописей князя Павла Петровича Вяземского. 1902. (ОЛДП. Издания. № 119). С. 101-102.
Хронограф||XVII в., 885 л., скоропись. Нач.: "Видимыя и невидимыя иже есть. Без начала и конца".||Описание рукописей князя Павла Петровича Вяземского. 1902. (ОЛДП. Издания. № 119). С. 199.
Хронограф||XVIII в., 385 л., скоропись. Начинается с призвания варягов. Завершается панигириком по поводу смерти Петра Великого. ||Описание рукописей князя Павла Петровича Вяземского. 1902. (ОЛДП. Издания. № 119). С. 82.
Хронограф||XVIII в., 578 л., скоропись. Нач.: "В начале сотвори Бог мирозиждителным своим словом небо". Завершается царствованием Михаила Федоровича.||Описание рукописей князя Павла Петровича Вяземского. 1902. (ОЛДП. Издания. № 119). С. 82.
Хронограф||XVII в., 531 л, скоропись. Без начала. Оканчивается 169-й главой (царство Михаила Федоровича). Другим почерком изложение доведено до Алексея Михайловича. Вставки на полях.||Описание рукописей князя Павла Петровича Вяземского. 1902. (ОЛДП. Издания. № 119). С. 58-59.
Хронограф||XVII в., 2о, 396 л., скоропись. Оканчивается 311-й главой "О избрании царском", точнее характеристикою царей Феодора, Бориса, царевича  Феодора, царевны Ксении, Расстриги и царя Василия, и наконец "начатком виршем".||Описание рукописей князя Павла Петровича Вяземского. 1902. (ОЛДП. Издания. № 119). С. 10.
Хронограф||XVII в., 336 л., полуустав, Запись: "Сия книга глалица (?) деловни (?) Щерибин Филипа Фаустова, писалъ зять ваш Алинтий Загеаров"; "1862 года марта в … авиского уезда второ … Федоровской волости … с ной вотчины деревни"…; "деревни Бриднев". Текст начинает|Книга, глаголемая гранограф, яже есть в книзе сей, рекше начало писменем царских родов от многих летописец|Описание рукописей князя Павла Петровича Вяземского. 1902. (ОЛДП. Издания. № 119). С. 10.
Хронограф||XVIII в., 568+2 лл., скоропись. Записи: "О суде Соломонове"(л. 137); "О Данииле пророке" (л. 179); "Сия книга глаголемая Боровитцкаго купца Семена Меркулова сына Гурева 1804-го года марта 5-го дня" (л. 444). Нач.: "Есть слово сего начатися, сице занеже не|О сотворении седми дьней мира, о творце и жиздители, о троечном его имяновании, ее есть отец и сын и святый дух, избранно от святых писании Григория Богослова, Иоанна Златоустаго и философских художествии|Описание рукописей князя Павла Петровича Вяземского. 1902. (ОЛДП. Издания. № 119). С. 8-9. 
Хронограф||1о, 626 л., полуустав. Записи: "Сия книга села Каширы крестьянина Ивана"; "после Троицына дни в неделю всех святых евангелие"|Главы известныя книги сея гранографа сиречь летописца. Известуют бо пред настоящая во книзе сей имущим скорого ради изообретения: всяк бо кто что взычкуя во книзе сея должен есть напред вопрошати глав сих, они же указают и осылают яко же под началным себе|Описание рукописей князя Павла Петровича Вяземского. 1902. (ОЛДП. Издания. № 119). С. 7-8.
Хронограф||XVII в., 1167 л., полуустав. Запись: ""Сия книга гранограф, именуемый летописец Путилскаго уезда деревни Забелиной дворянина Луки Екимова сына Забелина, а от его доставшаяся сыну ево Андрею Лукину Забелину".||Описание рукописей князя Павла Петровича Вяземского. 1902. (ОЛДП. Издания. № 119). С. 4-5.
Хронограф||XVIII в., 1о, 299 л., скоропись . Записи: "Сия книга принадлежит деревни Дилюкова крестьянину Петру Иванову Оверину. Куплена им в 1866 году", "Сия книга, глаголемая гранограв или летописец. Слетарко крестияина Ивана Корьнилова. Москва 1809 года марта 14 д||Описание рукописей князя Павла Петровича Вяземского. 1902. (ОЛДП. Издания. № 119). 1-4.
Хронограф|собр. Нижегородской духовной семинарии № 20 (3894)|XVIII в, 2о, 570 л., полуустав. Оканчивается 1702 г. Хронограф русской редакции особого состава.||Викторов А. Е. Описи рукописных собраний в книгохранилищах Северной России. Издание Археографической комиссии. СПб., 1890. С. 322.
Выписки из хронографа и русских летописей и родословных русских великих и удельных князей и князей литовских|собр. Антониева Сийского монастыря № 222 (1833)|Сборник, XVI-XVII вв., 4о, ок. 800 л., полуустав и скоропись.||Викторов А. Е. Описи рукописных собраний в книгохранилищах Северной России. Издание Археографической комиссии. СПб., 1890. С. 106.
Хронограф 1512 г.|собр. Архангельской Духовной семинарии № 135|XVII в, 4о, 400 л., скоропись. В рукописи помещена вторая половина текста Хронографа||Викторов А. Е. Описи рукописных собраний в книгохранилищах Северной России. Издание Археографической комиссии. СПб., 1890. С. 30.
Хронограф 1617 г.|собр. Архангельской Духовной семинарии № 137|XVII в, 1о, около 500 л., скоропись. Текст разделен на 169 глав.||Викторов А. Е. Описи рукописных собраний в книгохранилищах Северной России. Издание Археографической комиссии. СПб., 1890. С. 30.
Хронограф 1617 г.|собр. Архангельской духовной семинарии № 138|XVII в., 444 л., полуустав, 169 глав.||Викторов А. Е. Описи рукописных собраний в книгохранилищах Северной России. Издание Археографической комиссии. СПб., 1890. С. 30.
Хронограф 1620 г.|Нилова Столбенская Пустынь №75 (109)|конец XVII в., 2о, 213 л., скоропись. Начинается 101-й главой:"Царство 22-е, Константина сына Ираклиева". Конец утрачен.||Викторов А. Е. Описи рукописных собраний в книгохранилищах Северной России. Издание Археографической комиссии. СПб., 1890. С. 212.
Хронограф 1617 г.|собр. Петрозаводского архиерейского дома № 68 (155)|XVII-XVIII вв., 2о, 687 л., скоропись. Доведен до 1647 г. По оглавлению в 207-ми, а по счету в тексте - во 170-ти главах. ||Викторов А. Е. Описи рукописных собраний в книгохранилищах Северной России. Издание Археографической комиссии. СПб., 1890. С. 300.
Хронограф|РНБ, Q.IV.95|Начало XVIII в., 4о, 348 л., скоропись. В 1706 году принадлежала Науму Феодотову, бывшему при Московском Рождественском соборе, что в Верху. Российские происшествия продолжаются до половины XVI в. ||Калайдович К., Строев П. Обстоятельное описание славяно-российских рукописей, хранящихся в библиотеке тайного советника, сенатора, двора его императорского величества действительного каммергера и кавалера графа Ф. А. Толстова. М., 1825.  С. 361.
Хронограф|РНБ, F.XVII.17|XVII в., 483 л., скоропись. Текст начинается на л. 6. В тексте мало русских происшествий при начале государства.||Калайдович К., Строев П. Обстоятельное описание славяно-российских рукописей, хранящихся в библиотеке тайного советника, сенатора, двора его императорского величества действительного каммергера и кавалера графа Ф. А. Толстова. М., 1825.  С. 120. № 198.
Хронограф|РНБ, F.IV.253|1о, 611 л. Текст начинается с л. 59. Хронограф, в котором русские произшествия оканчиваются 7121 (1613) годом.||Калайдович К., Строев П. Обстоятельное описание славяно-российских рукописей, хранящихся в библиотеке тайного советника, сенатора, двора его императорского величества действительного каммергера и кавалера графа Ф. А. Толстова. М., 1825.  С. 646. № 69.
Хронограф|РНБ, F.IV.24|1о, 661 л., лицевой. Русские события оканчиваются отправлением Трифона Коробейникова в Иерусалим||Калайдович К., Строев П. Обстоятельное описание славяно-российских рукописей, хранящихся в библиотеке тайного советника, сенатора, двора его императорского величества действительного каммергера и кавалера графа Ф. А. Толстова. М., 1825.  С. 647.
Хронограф (отрывок)|РНБ, Q.IV.11|1728 г. 4о, 268 л., 4о. Писец: Боровского девичьего монастыря дьякон Лука Иванов с учениками. Прерывается 143 главой.||Калайдович К., Строев П. Обстоятельное описание славяно-российских рукописей, хранящихся в библиотеке тайного советника, сенатора, двора его императорского величества действительного каммергера и кавалера графа Ф. А. Толстова. М., 1825.  С. 117.
Хронограф|РНБ, F.IV.91|XVI в., 2о, 493 л., полуустав. Начало и конец утрачены.||Калайдович К., Строев П. Обстоятельное описание славяно-российских рукописей, хранящихся в библиотеке тайного советника, сенатора, двора его императорского величества действительного каммергера и кавалера графа Ф. А. Толстова. М., 1825.  С. 704.
Хронограф||XVII в. (1684 г.), 879 л., скоропись. Русские события завершаются 1647 г.||Калайдович К., Строев П. Обстоятельное описание славяно-российских рукописей, хранящихся в библиотеке тайного советника, сенатора, двора его императорского величества действительного каммергера и кавалера графа Ф. А. Толстова. М., 1825.   С. 706.
Хронограф||XVIII в., 644 л., скоропись. Из Архангельской библиотеки. Нет начальных глав до царя Навуходоноссора. Российские происшестия оканчиваются странствованием Коробейникова к Святым местам.||Калайдович К., Строев П. Обстоятельное описание славяно-российских рукописей, хранящихся в библиотеке тайного советника, сенатора, двора его императорского величества действительного каммергера и кавалера графа Ф. А. Толстова. М., 1825.  729.
Хронограф 1620 г., второго вида|Нежин. 38|XVII в., с восполнениями XVIII в., 2о, 749 л.||Сперанский. Рукописи Нежинского института. С. 81.
Хронограф|РГБ, собр. Д. В. Пискарева 167|XVII в., 612 л., скоропись, заметки на полях. В событиях до Рождества Христова дополнения из Хронографа ред. 1512 г. Известия с царствования ц. Федора Ивановича распространены обширными извлечениями из Авраамия Палицына и "Иного сказания о самозванцах". В||Викторов А. Е. Каталог славяно-русских рукописей, приобретенных московским публичным и Румянцевским музеем в 1868 г. после Д. В. Пискарева. М., 1871.  С. 41.
Хронограф 1620 г.|Нежин. 39|XVII в., 677 л., скоропись. Запись: "Сия книга, глаголемаа гранограф столника Ивана Ивановича Засецкого, а подписал сию книгу своею рукою лета 7201-го году февраля в пятыи день".||Сперанский М. Н. Описание рукописей библиотеки Историко-филологического института князя Безборотко в г. Нежине. Нежин, 1900. С. 83.
Хронограф|РНБ, F.XVII.20|XVII в. Русские известия завершаются 6959 (1451) годом.||Калайдович К., Строев П. Обстоятельное описание славяно-российских рукописей, хранящихся в библиотеке тайного советника, сенатора, двора его императорского величества действительного каммергера и кавалера графа Ф. А. Толстова. М., 1825.  С. 197. № 905.
Хронограф|РНБ, F.IV.78|нач. XVIII в., 164 л., скоропись. "Описание о мироздании, от книг Моисеовых и иных многих, о Царских родех, и како кто и в кая времена быша". Извлечение из Хронографа, в коем на конце присоединены Российския происшествия до 6831 (1323) года.||Калайдович К., Строев П. Обстоятельное описание славяно-российских рукописей, хранящихся в библиотеке тайного советника, сенатора, двора его императорского величества действительного каммергера и кавалера графа Ф. А. Толстова. М., 1825.  № 189. С. 339.
Хронограф|Собр. митрополита Макария № 48 (Аа., 181)|XVIII в., 2о, 154 л. Начинается статьей "Начало великаго Новаграда и всего славенороссийскаго народа, откуду начася и како доныне славою пресветлою сияет, выписано из истории Киевский",  и заканчивается 1712 годом; но продолжение о Новгородских событиях и||Петров Н. И. Описание рукописей церковно-археологического музея при Киевской духовной академии. Вып. 1. Киев, 1875. С. 92.
Хронограф|собр. митрополита Макария № 47 (Аа., № 171)|XVII в., 1о, 457 л. (л. 321 отсутствует). В настоящем своем составе он начинается с царства Михаила Палеолога, излагает византийскую историю в связи с событиями русской истории и оканчивается избранием Михаила Феодоровича на царство.||Петров Н. И. Описание рукописей церковно-археологического музея при Киевской духовной академии. Вып. 1. Киев, 1875. С. 92.
Хронограф 1512 г.|РГБ, собр. Д. В. Пискарева 163|XVII в., 4о, 620 л., скоропись. Запись на обороте последнего листа: "Книга, глаголемая Хронограф, а писали ее Иван да Степан Ловчиковы". Хронограф от сотворения мира до взятия Константинополя турками. Разделен на 208 глав. ||Викторов А. Е. Каталог славяно-русских рукописей, приобретенных московским публичным и Румянцевским музеем в 1868 г. после Д. В. Пискарева. М., 1871.  С. 40. 
Хронограф 1512 г.|Московский Публичный Музей № 607|Сборник, XVII и XVIII вв. 4о, скоропись, 629 л. Начинается рассказом об Александре Македонском (гл. 96), завершается русскими событиями до Стоглавого собора.||Викторов А. Е. Каталог славяно-русских рукописей, приобретенных московским публичным и Румянцевским музеем в 1868 г. после Д. В. Пискарева. М., 1871.  С. 43. № 172
Хронограф 1512 г. (летописные статьи из него)|Беляев 65 (1574)|Сборник новых списков, 2о, 352 л. л. 1. Летописные статьи из Хронографа ред. 1512 г., относящиеся к событиям русской истории с 1461 г. до восшествия на престол царя Михаила Федоровича, с предисловием Калачова. Оригинал Хронографа (XVII в.), принадлежащий ||Викторов А.Е. Собрание рукописей И.Д. Беляева. М., 1881. С. 64.
Хронограф |РГБ, собр. Д. В. Пискарева 162|XV в. (1485 г.), 2о, 420 л., полуустав. Послесловие: "Написана бысть сия книгы в дни благочестиваго в великаго князя Ивана Василиевича Владимерскаго, и Новгородцкого, и Московскаго и всея Росия, и в дни сына его, великого князя Ивана Ивановича всея Росиа,||Викторов А. Е. Каталог славяно-русских рукописей, приобретенных московским публичным и Румянцевским музеем в 1868 г. после Д. В. Пискарева. М., 1871.  С. 38.
Хронограф 1512 г.|РГБ, собр. Д. В. Пискарева 163|XVII в., 4о, скоропись, 620 л. Текст хронографа от сотворения мира до взятия Константинополя турками. ||Викторов А. Е. Каталог славяно-русских рукописей, приобретенных московским публичным и Румянцевским музеем в 1868 г. после Д. В. Пискарева. М., 1871.  С. 40. 
Хронограф ред. 1617 г.|РГБ, собр. Д. В. Пискарева 164|XVII в., 1о, 528 л., полуустав. Вкладная запись: "В лето 7186 (1677) году, ноября в 20 д, дал сию книгу Гранограф вкладу Емельян Романович Сатин на Тулук Успению пресв. Богородицы и ко Иоанну Предтечи в монастырь". Разделен на 169 глав.Последняя о восшест||Викторов А. Е. Каталог славяно-русских рукописей, приобретенных московским публичным и Румянцевским музеем в 1868 г. после Д. В. Пискарева. М., 1871.  С. 40. 
Хронограф 1617 г.|РГБ, собр. Д. В. Пискарева 165|XVII в., 2о, 596 л., скоропись. По составу и числу глав сходен с рукописью собр. Пискарев. 164. На полях рукописи читаются приписки и дополнения, которые в других списках читаются в тексте.||Викторов А. Е. Каталог славяно-русских рукописей, приобретенных московским публичным и Румянцевским музеем в 1868 г. после Д. В. Пискарева. М., 1871.  С. 41.
Хронограф 1617 г.|РГБ, собр. Д. В. Пискарева 166|2о, 445 л., скоропись. По листам подпись: "Лета 7177-го году, месяца септеврия во 2 день, сию глаголемую книгу Гранограф дал мне, иеромонаху Лазарю Чудова монастыря келарь Савва, за долг за 5 рублев, и в воспоминание души своея, а отшествие души его к Бог||Викторов А. Е. Каталог славяно-русских рукописей, приобретенных московским публичным и Румянцевским музеем в 1868 г. после Д. В. Пискарева. М., 1871.  С. 41.
Хронограф |РГБ, собр. Д. В. Пискарева 168|XVII в., 2о, скоропись, 642 л. На обратной стороне задней переплетной доски подпись: "202 (694) году, марта 1 день, куплена сия книга Летописец у посацкого человека Новгороцкие сотни, Якима Филипова сына Крылова; а дана четыре рубли, и росписка взята за е||Викторов А. Е. Каталог славяно-русских рукописей, приобретенных московским публичным и Румянцевским музеем в 1868 г. после Д. В. Пискарева. М., 1871.  С. 42.
Летописец Еллинский и Римский|ГИМ, собр. Чудовского монастыря № 51/353|XV в., 2о, 461 л., полуустав, в два столбца ||Попов. Библ. материалы (?). С. 5.
Хронограф 1512 г.|ГИМ, собр. Чудовского монастыря № 52/354|конец XVI в., 8о, 494 л., полуустав. Предисловия нет. Завершается Повестью о взятии Царьграда турками.||Попов. Библ. материалы (?). С. 11.
Хронограф|ГИМ, собр. Чудовского монастыря № 54/356|к. XVII или нач. XVIII в., 2о, 912 л. В начале оглавление и предисловие. Всего 179 глав. Завершается воцарением Михаила Федоровича.||Попов. Библ. Материалы (?). С. 12.
